-- MariaDB dump 10.17  Distrib 10.5.4-MariaDB, for Win64 (AMD64)
--
-- Host: localhost    Database: seniorbenchmark
-- ------------------------------------------------------
-- Server version	10.5.4-MariaDB

/*!40101 SET @OLD_CHARACTER_SET_CLIENT=@@CHARACTER_SET_CLIENT */;
/*!40101 SET @OLD_CHARACTER_SET_RESULTS=@@CHARACTER_SET_RESULTS */;
/*!40101 SET @OLD_COLLATION_CONNECTION=@@COLLATION_CONNECTION */;
/*!40101 SET NAMES utf8mb4 */;
/*!40103 SET @OLD_TIME_ZONE=@@TIME_ZONE */;
/*!40103 SET TIME_ZONE='+00:00' */;
/*!40014 SET @OLD_UNIQUE_CHECKS=@@UNIQUE_CHECKS, UNIQUE_CHECKS=0 */;
/*!40014 SET @OLD_FOREIGN_KEY_CHECKS=@@FOREIGN_KEY_CHECKS, FOREIGN_KEY_CHECKS=0 */;
/*!40101 SET @OLD_SQL_MODE=@@SQL_MODE, SQL_MODE='NO_AUTO_VALUE_ON_ZERO' */;
/*!40111 SET @OLD_SQL_NOTES=@@SQL_NOTES, SQL_NOTES=0 */;

--
-- Table structure for table `accounts`
--

DROP TABLE IF EXISTS `accounts`;
/*!40101 SET @saved_cs_client     = @@character_set_client */;
/*!40101 SET character_set_client = utf8 */;
CREATE TABLE `accounts` (
  `username` varchar(50) NOT NULL,
  `password` varchar(255) NOT NULL,
  PRIMARY KEY (`username`)
) ENGINE=InnoDB DEFAULT CHARSET=utf8;
/*!40101 SET character_set_client = @saved_cs_client */;

--
-- Dumping data for table `accounts`
--

LOCK TABLES `accounts` WRITE;
/*!40000 ALTER TABLE `accounts` DISABLE KEYS */;
INSERT INTO `accounts` VALUES ('Aaron','$2b$10$g8ThqwcJIg0o8hWrC2mCcehjKC78FhSahknGoU0Ig21I7BE92aeiK'),('adam','$2b$10$sIK3Q9D2DrEN0kdajh03Pe1izEkvbcKTnfrXVQkrsAUHDF/6lo.r6'),('Adam1','$2b$10$AiS/aDlMeY9G.YPQ8QnHLeVZK3MpRNqU21Mw1gfKfsTTPtKX14dFq'),('lil_adam','$2b$10$U9cThOu2MY9C02FD/G8bRevmJGxoNldGtP/IGoNmZHn0VkkGWXjHq'),('lil_baby_adam','$2b$10$sYWMqEJTxFH2KGU.LRfsBu2ufemKrO1YKRFUOIeDhLb2E3qKOgEDK'),('nippy','$2b$10$oBKWMeCsxiBNLces7/nBiuoSUvhmN6nENwyrikNf6BeTsj2pKrDP.'),('test1','$2b$10$nSzrKV.4h34Ieq/G5aonPON5fc7QywFhq1PrMRCFJYxcnHvW8U3wG');
/*!40000 ALTER TABLE `accounts` ENABLE KEYS */;
UNLOCK TABLES;

--
-- Table structure for table `aim_test`
--

DROP TABLE IF EXISTS `aim_test`;
/*!40101 SET @saved_cs_client     = @@character_set_client */;
/*!40101 SET character_set_client = utf8 */;
CREATE TABLE `aim_test` (
  `testid` int(11) NOT NULL,
  `round` int(11) NOT NULL,
  `tX` int(11) DEFAULT NULL,
  `tY` int(11) DEFAULT NULL,
  `cX` int(11) DEFAULT NULL,
  `cY` int(11) DEFAULT NULL,
  `time` float DEFAULT NULL,
  `target_distance` float DEFAULT NULL,
  `rel_error` float DEFAULT NULL,
  PRIMARY KEY (`testid`,`round`)
) ENGINE=InnoDB DEFAULT CHARSET=latin1;
/*!40101 SET character_set_client = @saved_cs_client */;

--
-- Dumping data for table `aim_test`
--

LOCK TABLES `aim_test` WRITE;
/*!40000 ALTER TABLE `aim_test` DISABLE KEYS */;
INSERT INTO `aim_test` VALUES (1,1,702,233,700,230,1357.05,272.443,0.072111),(1,2,110,64,107,62,1487.96,612.908,0.072111),(1,3,461,64,459,62,1151.99,354.006,0.0565685),(1,4,183,99,180,98,1409.56,278.469,0.0632455),(1,5,159,199,158,199,1061.58,103.16,0.02),(1,6,322,81,319,78,1355.44,202.04,0.0848528),(1,7,270,194,269,191,1557.32,125.925,0.0632455),(1,8,582,133,584,130,1336.97,318.328,0.072111),(1,9,37,124,34,121,1445.91,547.033,0.0848528),(1,10,2,309,-1,309,1431.44,190.704,0.06),(1,11,633,81,628,83,1584.64,673.751,0.107703),(1,12,375,210,376,210,1412.86,283.087,0.02),(1,13,257,193,254,186,1237.97,120.208,0.152315),(1,14,543,34,541,36,1008.34,326.535,0.0565685),(1,15,501,307,499,306,1614.12,273.936,0.0447214),(1,16,772,114,769,112,1659.08,333.756,0.072111),(1,17,575,76,574,77,1327.39,197.312,0.0282843),(1,18,30,348,30,345,1694.6,607.764,0.06),(1,19,577,383,576,384,1539.36,548.318,0.0282843),(1,20,615,181,612,180,1744.45,206.712,0.0632455),(1,21,776,186,773,188,1567.44,164.11,0.072111),(1,22,292,106,291,106,2827.81,487.94,0.02),(1,23,68,207,68,205,1650.06,244.806,0.04),(1,24,240,101,239,98,1563.05,200.998,0.0632455),(1,25,41,161,43,157,1345.59,207.781,0.0894427),(2,1,523,278,511,264,689.925,114.061,0.368782),(2,2,750,156,761,135,832.15,262.269,0.474131),(2,3,505,319,490,334,713.085,315.265,0.424264),(2,4,766,89,773,99,730.925,369.054,0.244131),(2,5,15,345,31,336,837.375,796.919,0.367151),(2,6,612,260,642,264,730.49,585.95,0.60531),(2,7,166,31,150,17,731.445,529.967,0.425206),(2,8,546,166,557,178,558.705,423.104,0.325576),(2,9,730,347,726,329,582.515,241.847,0.368782),(2,10,108,154,86,133,768.105,642.3,0.608276),(2,11,45,334,32,339,889.965,205.139,0.278568),(2,12,42,35,41,50,613.27,304.164,0.300666),(2,13,495,394,519,349,771.22,569.607,1.02),(2,14,291,353,317,329,651.575,228.035,0.707672),(2,15,618,373,653,349,668.015,304.199,0.848764),(2,16,217,210,214,214,676.31,457.621,0.1),(2,17,314,103,315,96,520.07,149.402,0.141421),(2,18,134,170,99,165,676.315,195.543,0.707107),(2,19,139,282,148,271,644.245,123.649,0.284253),(2,20,640,240,643,235,658.87,492.976,0.116619),(2,21,518,106,481,113,488.575,179.627,0.753127),(2,22,843,232,868,234,754.545,381.058,0.501597),(2,23,249,205,289,195,714.195,619.679,0.824621),(2,24,1,249,34,232,875.495,293.019,0.742428),(2,25,560,296,565,296,713.695,529.879,0.1),(3,1,505,21,497,25,587.585,187.321,0.178885),(3,2,475,310,479,301,821.185,285.848,0.196977),(3,3,838,296,848,290,788.51,359.035,0.233238),(3,4,643,154,635,175,618.52,246.01,0.449444),(3,5,577,6,575,39,542.17,178.676,0.661211),(3,6,419,183,394,190,581.085,212.302,0.51923),(3,7,295,150,273,145,658.55,106.775,0.451221),(3,8,816,139,808,147,773.445,543.033,0.226274),(3,9,82,196,74,206,843.615,727.652,0.256125),(3,10,669,107,663,109,693.345,603.18,0.126491),(3,11,63,267,51,287,650.17,620.455,0.466476),(3,12,19,71,33,82,724.97,218.357,0.35609),(3,13,858,396,881,409,667.755,882.735,0.528394),(3,14,128,314,152,320,780.05,758.969,0.494773),(3,15,351,64,319,53,620.495,324.248,0.676757),(3,16,738,325,728,342,543.505,499.545,0.394462),(3,17,56,165,37,168,816.185,694.919,0.384708),(3,18,464,121,503,101,573.615,429.579,0.876584),(3,19,596,91,606,104,442.16,93.5361,0.328024),(3,20,425,128,402,128,816.74,182.584,0.46),(3,21,800,80,817,64,712.725,400.884,0.466905),(3,22,637,329,650,288,561.385,320.351,0.860233),(3,23,241,221,212,209,472.46,414.451,0.627694),(3,24,403,209,422,231,393.275,191,0.581378),(3,25,306,332,294,305,686.695,153.808,0.590931),(4,1,199,4,199,-16,879.85,312.194,0.4),(4,2,757,206,778,195,702.415,600.54,0.474131),(4,3,539,219,534,217,904.475,240.202,0.107703),(4,4,790,197,768,208,584.06,256.78,0.491935),(4,5,729,398,718,358,636.77,193.961,0.829699),(4,6,4,222,-9,214,696.89,726.837,0.305287),(4,7,302,287,321,292,531.185,319.453,0.392938),(4,8,619,301,608,304,652.595,298.136,0.228035),(4,9,642,121,628,151,556.625,186.132,0.662118),(4,10,260,63,212,48,800.735,378.375,1.00578),(5,1,236,187,259,171,708.925,204.12,0.560357),(5,2,861,342,847,346,579.755,625.815,0.291204),(5,3,259,74,237,90,687.085,647.864,0.544059),(5,4,29,274,59,289,980.565,277.705,0.67082),(5,5,562,40,594,72,653.52,561.258,0.905097),(5,6,366,319,378,349,879.62,336.144,0.64622),(5,7,123,160,140,173,884.155,317.405,0.428019),(5,8,347,209,350,205,1246.69,210.107,0.1),(5,9,126,393,146,410,851.065,292.438,0.524976),(5,10,361,281,352,285,315.11,250.731,0.196977),(6,1,757,378,807,384,752.8,319.061,1.00717),(6,2,173,56,187,53,948.92,713.821,0.286356),(6,3,489,235,529,248,638.415,352.602,0.84119),(6,4,632,263,681,264,781.24,104.087,0.980204),(6,5,189,231,182,255,915.6,493.105,0.5),(6,6,96,97,96,125,607.535,179.889,0.56),(6,7,823,30,837,54,1542.65,733.181,0.555698),(6,8,245,96,225,100,612.96,593.488,0.407922),(6,9,454,250,445,237,543.345,273.754,0.316228),(6,10,294,312,280,324,581.27,168.6,0.368782),(7,1,85,366,118,373,1298.78,370.703,0.674685),(7,2,330,258,323,301,538.715,241.183,0.871321),(7,3,120,165,138,186,753.68,244.346,0.553173),(7,4,215,133,191,113,528.965,93.4773,0.62482),(7,5,876,62,918,68,789.8,686.896,0.848528),(7,6,606,337,618,339,650.895,411.953,0.24331),(7,7,468,185,508,163,537.45,214.979,0.913017),(7,8,272,68,254,70,593.975,254.403,0.362215),(7,9,399,299,397,262,477.305,271.046,0.74108),(7,10,249,175,291,164,435.795,171.677,0.868332),(8,1,646,360,660,342,692.14,258.043,0.45607),(8,2,709,275,741,278,889.87,83.006,0.642806),(8,3,820,117,815,113,778.535,179.338,0.128062),(8,4,4,197,4,195,782.07,815.339,0.04),(8,5,76,321,104,349,630.63,145.121,0.79196),(8,6,414,227,419,239,667.07,333.143,0.26),(8,7,123,151,148,167,653.97,308.804,0.593633),(8,8,395,159,406,159,734.975,247.13,0.22),(8,9,501,238,535,252,705.49,123.556,0.735391),(8,10,613,24,618,11,688.08,240.973,0.278568),(9,1,795,344,828,354,565.055,363.607,0.689638),(9,2,99,246,89,233,839.695,736.957,0.328024),(9,3,448,131,456,141,597.665,373.209,0.256125),(9,4,100,9,98,-8,668.975,379.684,0.342345),(9,5,593,330,598,337,819.14,599.391,0.172047),(9,6,520,75,524,103,663.47,273.364,0.565685),(9,7,84,357,115,362,817.43,508.051,0.628013),(9,8,107,104,85,115,664.815,258.124,0.491935),(9,9,48,384,37,392,809.83,271.533,0.272029),(9,10,463,25,473,2,611.76,562.286,0.501597),(10,1,701,250,714,248,792.33,273.309,0.263059),(10,2,406,364,415,341,984.36,329.12,0.493964),(10,3,171,265,181,267,700.215,255.562,0.203961),(10,4,606,197,586,192,808.19,430.726,0.412311),(10,5,251,208,237,194,687.315,335.382,0.39598),(10,6,91,80,91,71,792.235,185.235,0.18),(10,7,641,233,633,218,831.975,573.362,0.34),(10,8,427,53,426,47,981.21,263.934,0.121655),(10,9,597,107,585,106,793.065,181.221,0.240832),(10,10,311,168,311,163,1119.48,280.927,0.1),(11,1,529,371,545,376,807.635,179.12,0.335261),(11,2,770,317,764,314,646.065,232.607,0.134164),(11,3,56,245,37,239,854.235,711.354,0.398497),(11,4,544,216,571,205,844.32,507.521,0.583095),(11,5,426,123,412,132,590.3,166.58,0.332866),(11,6,764,61,785,75,665.74,359.089,0.504777),(11,7,112,229,121,242,790.16,690.395,0.316228),(11,8,820,319,831,321,956.34,703.228,0.223607),(11,9,645,335,656,311,564.8,186.526,0.528015),(11,10,433,45,406,37,736.79,347.109,0.563205),(12,1,20,142,49,146,741.095,422.005,0.585491),(12,2,824,342,836,344,1560.58,799.4,0.24331),(12,3,423,14,451,23,1062.56,528.648,0.588218),(12,4,615,142,609,144,607.34,202.625,0.126491),(12,5,620,381,640,385,750.815,237.255,0.407922),(12,6,409,141,421,142,1175.85,336.001,0.240832),(12,7,496,58,488,70,870.62,112.61,0.288444),(12,8,580,321,579,312,1106.9,267.329,0.181108),(12,9,25,109,-1,99,1493.48,590.021,0.557136),(12,10,786,139,782,132,1078.63,788.016,0.161245),(13,1,426,281,436,286,1297.76,84.4038,0.223607),(13,2,498,392,497,378,856.84,122.801,0.280713),(13,3,626,63,623,64,1325.6,340.391,0.0632455),(13,4,396,364,414,374,1164.52,376.203,0.411825),(13,5,737,252,752,245,819.265,345.272,0.331059),(13,6,660,95,674,84,939.175,175.966,0.35609),(13,7,730,316,723,316,1176.48,238.663,0.14),(13,8,229,202,238,206,1316.64,506.983,0.196977),(13,9,399,64,413,71,1611.86,214.674,0.31305),(13,10,6,318,5,322,1018.35,476.086,0.0824621),(14,1,796,98,792,100,880.25,354.683,0.0894427),(14,2,457,133,441,131,924.115,336.621,0.32249),(14,3,597,124,573,124,620.635,156.157,0.48),(14,4,505,308,520,304,697.795,196.163,0.310483),(14,5,20,0,14,-8,1191.74,585.163,0.2),(14,6,456,37,457,63,694.985,444.285,0.520384),(14,7,226,303,243,295,834.595,333.108,0.375766),(14,8,847,185,849,183,1017.1,613.935,0.0565685),(14,9,414,285,410,281,1137.82,446.799,0.113137),(14,10,292,246,295,237,1140.7,123.081,0.189737),(15,1,310,24,304,19,901.205,204.167,0.156205),(15,2,790,296,809,296,872.59,559.397,0.38),(15,3,163,370,136,369,1622.16,650.225,0.54037),(15,4,271,19,263,-4,854.245,375.133,0.487032),(15,5,630,98,655,99,690.18,380.911,0.5004),(15,6,721,151,733,159,631.46,84.0238,0.288444),(15,7,734,258,738,250,590.835,99.0051,0.178885),(15,8,352,182,355,172,1172.36,391.944,0.208806),(15,9,263,11,271,9,935.065,185.432,0.164924),(15,10,29,99,34,101,1648.8,258.194,0.107703),(16,1,98,271,95,282,802.855,348.726,0.228035),(16,2,578,94,586,95,813,518.298,0.161245),(16,3,650,270,651,278,735.13,186.336,0.161245),(16,4,200,368,189,375,977.225,459.892,0.260768),(16,5,794,69,788,53,872.855,677.983,0.34176),(17,1,614,142,610,160,1320.17,164.924,0.368782),(17,2,200,187,192,175,994.985,410.888,0.288444),(17,3,111,16,112,37,1757.04,178.443,0.420476),(17,4,358,136,359,127,683.245,265.174,0.181108),(17,5,664,53,669,64,768.895,313.849,0.241661),(18,1,64,219,87,204,665.58,359.035,0.549181),(18,2,542,148,566,134,648.15,458.433,0.555698),(18,3,89,225,87,230,1557.42,485.603,0.107703),(18,4,154,81,147,61,839.255,163.371,0.423792),(18,5,3,139,8,149,1017.48,163.768,0.223607),(19,1,573,39,586,18,679.195,214.981,0.493964),(19,2,536,311,552,318,666.27,297.236,0.349285),(19,3,874,225,854,237,1009.95,335.161,0.466476),(19,4,427,254,413,258,834.715,427.338,0.291204),(19,5,613,331,605,321,821.615,212.906,0.256125),(20,1,705,148,714,149,680.95,237.118,0.181108),(20,2,33,30,26,43,840.98,691.319,0.295296),(20,3,738,244,737,233,780.3,739.828,0.220907),(20,4,552,383,562,386,798.15,238.17,0.208806),(20,5,696,389,710,401,1052.74,134.034,0.368782),(21,1,154,312,133,307,766.71,298.377,0.431741),(21,2,638,119,632,135,822.125,538.859,0.34176),(21,3,157,13,171,9,747.035,490.417,0.291204),(21,4,409,63,391,60,593.135,244.049,0.364966),(21,5,666,187,654,189,882.7,302.909,0.24331),(22,1,122,378,125,372,900.945,360.879,0.134164),(22,2,821,57,824,47,914.685,763.964,0.208806),(22,3,459,42,459,53,665.58,365.034,0.22),(22,4,353,278,343,286,720.205,248.719,0.256125),(22,5,415,71,403,59,693.22,226.736,0.339411),(23,1,262,391,239,367,945.985,268.263,0.664831),(23,2,668,32,663,46,653.82,544.303,0.297321),(23,3,370,95,372,94,587.83,297.069,0.0447214),(23,4,181,13,160,-3,720.415,207.466,0.528015),(23,5,291,150,292,170,519.24,201.42,0.4005),(24,1,413,231,441,245,656.035,45.6508,0.626099),(24,2,93,86,97,83,770.025,382.603,0.1),(24,3,4,227,10,230,876.33,171.421,0.134164),(24,4,343,239,347,235,698.595,333.122,0.113137),(24,5,40,285,53,268,820.185,311.045,0.428019),(25,1,326,255,329,252,658.64,147.801,0.0848528),(25,2,133,139,101,129,618.02,226.241,0.670522),(25,3,631,386,648,382,760.955,589.024,0.349285),(25,4,811,99,804,84,880.875,326.585,0.331059),(25,5,854,341,845,336,1262.06,261.819,0.205913),(26,1,767,270,756,266,999.295,299.446,0.234094),(26,2,501,15,516,8,719.475,357.807,0.331059),(26,3,10,33,39,28,1195.42,506.617,0.588558),(26,4,535,241,522,227,703.59,539.801,0.382099),(26,5,641,374,656,370,714.155,189.13,0.310483),(27,1,134,254,154,223,708.36,266.61,0.737835),(27,2,54,346,45,322,904.04,158.521,0.51264),(27,3,480,50,494,42,889.055,513.039,0.32249),(27,4,839,177,858,202,803.655,370.473,0.628013),(27,5,309,370,271,365,759.88,574.13,0.766551),(28,1,180,141,192,140,959.49,263.61,0.240832),(28,2,534,394,550,415,996.135,426.005,0.528015),(28,3,80,150,94,147,958.77,539.56,0.286356),(28,4,294,326,291,323,745.795,268.405,0.0848528),(28,5,671,143,665,141,1426.72,420.476,0.126491),(29,1,333,201,333,184,798.9,107.564,0.34),(29,2,8,169,-2,154,851.825,325.346,0.360555),(29,3,482,320,492,327,767.805,511.676,0.244131),(29,4,119,13,127,20,982.74,487.57,0.212603),(29,5,587,146,594,142,1056.02,476.944,0.161245),(30,1,8,239,7,237,2344.69,436.111,0.0447214),(30,2,544,109,544,108,2402.79,552.044,0.02),(30,3,105,381,105,379,2620.69,516.962,0.04),(30,4,210,267,210,266,2289.55,153.522,0.02),(30,5,267,361,267,359,2364.11,110.788,0.04),(31,1,667,71,683,80,1031.75,302.987,0.367151),(31,2,80,341,61,357,1143.49,657.062,0.49679),(31,3,315,158,283,140,1082.61,322.672,0.734302),(31,4,335,316,343,346,1118.67,183.521,0.620967),(31,5,689,193,690,163,1056.77,378.319,0.600333),(32,1,474,248,491,241,956.16,96.2549,0.367696),(32,2,651,362,638,377,1097.33,200.602,0.396989),(32,3,37,246,45,222,1105.31,615.111,0.505964),(32,4,830,303,807,299,1210.63,789.168,0.466905),(32,5,311,351,318,337,1205.96,498.718,0.31305),(32,6,120,195,107,202,991.585,243.655,0.295296),(32,7,337,48,324,25,1014.99,276.796,0.528394),(32,8,84,216,69,203,1232.17,306.726,0.396989),(32,9,22,363,25,365,1269.26,166.76,0.072111),(32,10,132,266,136,259,1096.05,145.774,0.161245),(32,11,45,123,37,111,1062.9,163.637,0.288444),(32,12,554,187,576,194,1210.44,522.556,0.461736),(32,13,138,272,158,273,1348.63,444.891,0.4005),(32,14,615,206,599,187,1076.54,461.885,0.49679),(32,15,822,205,819,180,1127.56,223.725,0.503587),(32,16,175,299,176,290,1009.13,654.902,0.181108),(32,17,667,21,627,10,1196.78,559.859,0.829699),(32,18,418,207,399,196,1083.17,287.211,0.43909),(32,19,723,370,719,385,1177.24,367.766,0.310483),(32,20,416,245,424,242,816.805,333.78,0.17088),(32,21,287,233,292,235,1225.05,137.295,0.107703),(32,22,664,278,669,283,1028.35,374.477,0.141421),(32,23,420,244,414,236,1219.65,252.036,0.2),(32,24,685,242,682,237,1242.78,271.066,0.116619),(32,25,326,311,338,297,1279.88,363.61,0.368782),(32,26,6,72,22,77,1265.47,401.06,0.335261),(32,27,477,195,466,187,1084.34,470.052,0.272029),(32,28,94,262,103,245,1393.55,379.485,0.384708),(32,29,660,214,658,204,1660.87,557.862,0.203961),(32,30,731,290,743,292,1082.82,112.805,0.24331),(33,1,519,196,493,184,810.855,108.24,0.572713),(33,2,873,60,846,77,1148.63,399.72,0.638122),(33,3,551,255,528,260,931.05,344.542,0.470744),(33,4,60,107,78,104,2028.95,492.375,0.364966),(33,5,886,252,860,254,6470.56,821.443,0.521536),(33,6,684,160,722,157,1627.18,199.529,0.762365),(33,7,562,343,556,353,863.47,245.349,0.233238),(33,8,248,369,270,370,884.415,308.415,0.440454),(33,9,29,240,15,220,798.335,273.827,0.488262),(33,10,522,302,516,306,874.135,513.588,0.144222),(33,11,323,318,321,318,1246.48,193.373,0.04),(33,12,413,220,421,224,735.26,134.417,0.178885),(33,13,759,230,771,225,1210.81,338.053,0.26),(33,14,739,57,751,54,692.385,171.02,0.247386),(33,15,418,276,427,293,1068.45,400.216,0.384708),(33,16,594,157,600,167,959.385,215.372,0.233238),(33,17,185,286,190,294,1548.76,431.724,0.18868),(33,18,428,43,439,63,1513.77,345.897,0.456508),(33,19,70,72,73,65,920.735,369.11,0.152315),(33,20,520,339,550,345,1137.69,524.295,0.611882),(33,21,458,250,488,230,592.795,132.246,0.72111),(33,22,823,231,811,249,691.68,335.001,0.432666),(33,23,809,34,837,1,747.73,215.009,0.865563),(33,24,29,342,54,369,1517.4,877.009,0.735935),(33,25,818,281,798,277,955.565,769.051,0.407922),(33,26,812,158,817,125,1017.52,119.821,0.667533),(33,27,198,225,173,242,990.02,627.026,0.604649),(33,28,393,22,383,32,740.83,311.127,0.282843),(33,29,724,342,724,337,1200.06,460.848,0.1),(33,30,822,42,823,38,1503.15,310.852,0.0824621),(34,1,441,41,435,18,1169.24,154.719,0.475395),(34,2,778,289,790,293,904.275,437.138,0.252982),(34,3,364,183,354,163,639.455,439.973,0.447214),(34,4,796,215,806,229,837.615,445.048,0.344093),(34,5,368,175,355,195,595.63,441.316,0.477074),(34,6,473,212,471,203,546.56,119.218,0.184391),(34,7,552,322,527,298,613.48,143.951,0.693109),(34,8,283,51,273,22,791.23,347.196,0.613514),(34,9,312,262,315,253,819.015,243.148,0.189737),(34,10,62,314,74,298,750.285,260.25,0.4),(34,11,11,166,2,172,660.685,146.263,0.216333),(34,12,307,336,339,334,827.95,346.296,0.641249),(34,13,735,292,741,291,591.45,398.221,0.121655),(34,14,720,119,708,111,749.785,173.277,0.288444),(34,15,176,395,188,377,999.615,603.059,0.432666),(34,16,198,82,224,87,845.07,295.169,0.529528),(34,17,848,122,850,108,917.62,624.981,0.282843),(34,18,623,268,601,278,841.385,277.721,0.483322),(34,19,841,139,844,155,898.205,277.346,0.325576),(34,20,448,212,469,219,581.05,400.081,0.442719),(34,21,712,317,705,317,798.88,262.017,0.14),(34,22,691,4,701,9,813.995,313.313,0.223607),(34,23,1,50,-14,50,927.33,701.2,0.3),(34,24,169,184,172,197,879.46,226.815,0.266833),(34,25,537,366,541,363,1030.46,402.226,0.1),(34,26,763,356,769,351,1054.16,222.11,0.156205),(34,27,774,18,788,9,1273.74,333.038,0.332866),(34,28,438,41,431,24,906.91,351.46,0.367696),(34,29,701,308,716,309,1337.73,391.862,0.300666),(34,30,350,204,362,193,1374.1,380.764,0.325576),(35,1,142,264,177,235,1935.02,225.036,0.909065),(35,2,497,379,528,348,2122.84,350.907,0.876812),(35,3,325,42,352,6,2265.76,367.212,0.9),(35,4,491,245,525,211,2408.55,276.481,0.961665),(35,5,344,67,374,35,1953.66,231.294,0.877268),(35,6,534,188,558,158,1334.02,221.38,0.768375),(35,7,585,290,627,282,1339.8,134.733,0.855102),(35,8,509,49,538,20,1554.86,261.176,0.820244),(35,9,327,188,353,162,1456.62,269.713,0.735391),(35,10,43,267,80,236,1775.36,327.3,0.965401),(35,11,527,298,558,280,1133.64,451.279,0.716938),(35,12,494,85,535,64,1180.04,205.234,0.921303),(35,13,612,127,632,96,1005.05,99.4887,0.737835),(35,14,181,197,205,172,1100.49,462.171,0.693109),(35,15,4,74,27,50,1668.92,223.618,0.664831),(36,1,153,40,155,12,3396.39,231.294,0.561427),(36,2,653,181,682,189,2510.41,525.894,0.601664),(36,3,351,102,364,97,4510.37,342.243,0.278568),(36,4,189,80,190,78,2685,175.824,0.0447214),(36,5,88,296,94,268,3076.95,240.682,0.572713),(36,6,584,304,609,292,2251.82,491.321,0.554617),(36,7,152,363,157,319,2687.32,462.482,0.885664),(36,8,73,206,113,189,2140.18,140.801,0.869253),(36,9,268,360,288,323,2403,230.794,0.84119),(36,10,351,276,376,247,1920.22,78.6003,0.765768),(36,11,155,217,181,199,6438.49,223.027,0.632456),(36,12,118,100,114,69,2798.35,117.346,0.62514),(36,13,421,315,417,305,2978.73,393.402,0.215407),(36,14,346,233,358,232,1870.1,101.119,0.240832),(36,15,596,114,604,104,3535.91,265.646,0.256125),(37,1,272,242,273,227,750.085,164.396,0.300666),(37,2,814,9,779,30,1164.65,583.271,0.816333),(37,3,704,315,709,305,1046.83,294.703,0.223607),(37,4,118,283,77,280,913.97,591.409,0.822192),(37,5,488,35,489,42,680.79,478.483,0.141421),(37,6,818,354,816,375,1017.97,453.415,0.4219),(37,7,214,69,190,67,970.14,675.307,0.481664),(37,8,763,43,764,32,945.94,573.502,0.220907),(37,9,142,369,116,380,1084.97,707.427,0.564624),(37,10,447,164,456,148,830.785,395.243,0.367151),(37,11,329,208,300,207,1122.8,140.46,0.580345),(37,12,355,318,373,282,606.645,123.879,0.804984),(37,13,149,202,179,213,789.96,237.857,0.639062),(37,14,821,345,840,352,704.995,655.43,0.404969),(37,15,291,36,270,9,885.41,633.448,0.684105),(38,1,110,63,112,57,1572.11,338.733,0.126491),(38,2,657,117,659,108,915.94,548.293,0.184391),(38,3,207,321,198,323,855.33,499.673,0.184391),(38,4,547,224,531,218,1069.76,362.77,0.34176),(38,5,776,142,776,139,935.345,256.517,0.06),(38,6,381,250,379,246,885.59,410.3,0.0894427),(38,7,781,29,781,21,941.05,456.829,0.16),(38,8,818,132,824,124,864.635,117.004,0.2),(38,9,111,348,103,346,1057.21,747.359,0.164924),(38,10,286,241,291,232,759.215,210.983,0.205913),(38,11,380,189,356,187,508.035,98.8433,0.481664),(38,12,364,4,378,9,962.32,183.175,0.297321),(38,13,268,211,283,230,692.49,230.009,0.484149),(38,14,807,288,794,283,927.765,527.2,0.278568),(38,15,551,179,555,180,699.245,264.32,0.0824621),(39,1,299,3,305,-11,1014.29,202.544,0.304631),(39,2,271,200,278,161,946.565,213.722,0.792464),(39,3,51,112,70,90,1391.29,232.228,0.581378),(39,4,614,32,567,35,2128.38,547.083,0.941913),(39,5,431,350,425,345,1259.31,343.105,0.156205),(39,6,361,263,363,290,935.405,104.019,0.541479),(39,7,595,352,571,335,1048.12,240.142,0.588218),(39,8,31,395,44,357,1682.66,543.323,0.803243),(39,9,438,127,415,162,878.71,456.219,0.837616),(39,10,669,394,667,365,1160.2,344.006,0.581378),(39,11,306,1,309,13,1145.24,512.657,0.247386),(39,12,569,13,561,37,2489.68,260,0.505964),(39,13,420,113,414,112,645.24,160.178,0.121655),(39,14,197,158,191,134,1176.73,221.822,0.494773),(39,15,30,192,43,178,1095.05,171.129,0.382099),(40,1,469,68,481,78,1112.29,138.798,0.31241),(40,2,327,391,306,394,1044.93,348.834,0.424264),(40,3,680,184,666,172,947.34,428.924,0.368782),(40,4,459,120,487,123,587.47,213.431,0.563205),(40,5,549,365,539,352,910.085,249.816,0.328024),(40,6,409,291,404,302,638.76,143.6,0.241661),(40,7,485,15,483,4,663.86,298.211,0.223607),(40,8,287,50,258,51,779.89,201.326,0.580345),(40,9,65,389,72,394,903.18,389.221,0.172047),(40,10,179,250,152,267,632.395,179.402,0.638122),(40,11,311,155,339,141,691.37,194.486,0.626099),(40,12,3,47,-7,27,784.31,348.901,0.447214),(40,13,494,17,461,-4,810.625,501.1,0.782304),(40,14,244,108,259,101,918.835,244.199,0.331059),(40,15,40,399,31,389,1058.89,369.818,0.269072),(41,1,583,154,554,155,810.245,216.481,0.580345),(41,2,134,183,98,173,969.555,420.932,0.747262),(41,3,656,44,694,31,1179.16,572.717,0.803243),(41,4,578,221,578,186,720.185,222.612,0.7),(41,5,14,220,31,193,1138.31,565.024,0.638122),(41,6,420,164,430,167,688.94,390.079,0.208806),(41,7,243,249,267,262,568.45,204.189,0.545894),(41,8,372,68,333,39,605.17,220.592,0.972008),(41,9,631,95,671,96,908.04,303.216,0.80025),(41,10,404,307,416,300,777.58,340.309,0.277849),(41,11,88,283,118,263,966.17,328.44,0.72111),(41,12,554,232,561,231,1196.55,437.101,0.141421),(41,13,206,292,231,312,1961.43,360.203,0.640312),(41,14,594,284,593,276,694.535,364.078,0.161245),(41,15,662,166,634,164,669.375,129.85,0.561427),(42,1,179,114,155,116,751.725,172.662,0.481664),(42,2,62,352,64,362,741.81,253.663,0.203961),(42,3,187,100,168,106,579.9,289.436,0.398497),(42,4,485,68,440,67,661.45,319.269,0.900222),(42,5,217,358,201,331,1121.21,366.62,0.627694),(42,6,524,358,546,372,867.635,324.127,0.521536),(42,7,46,50,54,60,818.73,594.713,0.256125),(42,8,367,388,348,373,718.925,453.38,0.484149),(42,9,496,101,498,122,664.125,309.658,0.4219),(42,10,678,7,683,25,851.275,213.6,0.373631),(42,11,332,106,313,111,689.395,360.225,0.392938),(42,12,456,115,461,103,607.12,143.056,0.26),(42,13,660,237,632,229,759.475,239.91,0.582409),(42,14,454,1,429,-3,1162.81,289.254,0.50636),(42,15,475,247,482,277,675.125,254.197,0.616117),(43,1,536,390,571,402,889.515,262.376,0.74),(43,2,304,310,320,311,636.1,282.406,0.320624),(43,3,96,172,101,194,1027.23,263.623,0.451221),(43,4,196,295,214,292,753.535,138.658,0.364966),(43,5,57,96,41,102,815.505,251.127,0.34176),(43,6,570,362,600,328,849.16,589.441,0.906863),(43,7,4,211,6,194,819.745,607.375,0.342345),(43,8,642,392,674,379,743.83,666.108,0.690797),(43,9,166,365,153,353,804.285,508.193,0.353836),(43,10,89,119,88,139,726.225,242.594,0.4005),(43,11,535,199,519,170,674.875,451.009,0.66242),(43,12,20,53,-5,34,930.41,512.533,0.628013),(43,13,376,124,388,96,758.82,391.486,0.609262),(43,14,49,254,54,240,748.585,374.012,0.297321),(43,15,599,187,573,181,861.365,547.571,0.533667),(44,1,18,58,1,69,958.98,485.776,0.404969),(44,2,869,170,889,212,1239.03,873.856,0.930376),(44,3,753,56,742,35,693.665,206.959,0.474131),(44,4,544,133,547,99,593.87,220.925,0.682642),(44,5,742,374,712,372,888,337.12,0.601332),(44,6,11,375,29,368,1038.67,701.006,0.386264),(44,7,752,299,781,315,841.385,726.285,0.66242),(44,8,237,217,265,206,995.135,552.757,0.601664),(44,9,685,285,689,265,703.495,427.365,0.407922),(44,10,375,277,391,272,804.445,314.229,0.335261),(44,11,112,240,128,246,1600.03,280.829,0.34176),(44,12,392,121,400,115,663.245,292.098,0.2),(44,13,36,39,43,42,1163.57,371.849,0.152315),(44,14,448,303,437,321,935.19,481.815,0.4219),(44,15,766,386,773,395,979.025,335.359,0.228035),(45,1,39,53,25,58,1463.06,434.385,0.297321),(45,2,243,91,231,86,787.555,220.484,0.26),(45,3,655,332,651,325,1411.09,490.196,0.161245),(45,4,468,135,474,135,964.72,263.797,0.12),(45,5,240,268,232,273,1251.48,269.156,0.18868),(45,6,425,324,420,311,1185.03,199.625,0.278568),(45,7,180,209,189,206,985.83,260.776,0.189737),(45,8,859,396,870,404,1053.62,696.419,0.272029),(45,9,89,30,88,21,1554.97,865.931,0.181108),(45,10,869,371,861,371,1221.92,855.839,0.16),(45,11,841,83,837,74,1186.82,288.694,0.196977),(45,12,559,139,535,142,937.305,285.498,0.483735),(45,13,700,79,691,100,935.435,176.618,0.456946),(45,14,296,259,309,255,1063.4,425.8,0.272029),(45,15,32,182,41,200,1107.09,286.458,0.402492),(46,1,377,256,357,267,1719.97,84.1724,0.456508),(46,2,686,256,709,242,790.895,329.184,0.538516),(46,3,544,333,547,300,909.67,188.43,0.662722),(46,4,178,373,149,348,1234.58,376.152,0.765768),(46,5,519,76,541,60,923.765,459.221,0.544059),(46,6,719,170,708,169,852.205,209.246,0.220907),(46,7,72,279,73,277,882.51,645.443,0.0447214),(46,8,442,382,441,386,1043.21,383.648,0.0824621),(46,9,358,200,365,192,775.52,203.679,0.212603),(46,10,305,4,288,-15,858.53,197.342,0.509902),(46,11,150,97,159,116,821.135,177.73,0.420476),(46,12,23,4,15,-12,750.935,176.182,0.357771),(46,13,495,166,514,165,1038.9,511.941,0.380526),(46,14,13,230,0,230,1054.88,505.199,0.26),(46,15,725,193,736,180,988.24,725.944,0.340588),(47,1,613,2,605,-29,808.405,232.045,0.640312),(47,2,81,69,65,57,944.35,533.085,0.4),(47,3,589,96,547,96,969.6,525.449,0.84),(47,4,119,378,108,363,1090.29,512.55,0.372021),(47,5,527,35,555,32,1042.36,532.114,0.563205),(47,6,877,94,878,107,850.39,327.915,0.260768),(47,7,747,13,752,12,525.665,161.236,0.10198),(47,8,369,344,376,352,856.835,506.866,0.212603),(47,9,41,185,54,188,1017.3,374.318,0.266833),(47,10,742,341,775,369,1129.09,704.807,0.865563),(47,11,849,134,844,116,708.75,246.376,0.373631),(47,12,348,399,345,385,1081.69,571.056,0.286356),(47,13,761,203,735,198,1139.83,454.07,0.529528),(47,14,689,66,687,79,563.19,139.786,0.263059),(47,15,876,363,841,362,818.285,341.141,0.700286),(48,1,496,172,499,168,550.645,34.2053,0.1),(48,2,41,250,48,261,866.03,465.283,0.260768),(48,3,131,27,134,45,1081.3,248.284,0.364966),(48,4,335,212,307,191,835.835,261.324,0.7),(48,5,165,300,146,301,649.04,179.011,0.380526),(48,6,45,150,11,145,820.08,181.665,0.687314),(48,7,763,138,752,142,1040.63,752.033,0.234094),(48,8,434,327,397,320,876.185,367.898,0.753127),(48,9,690,71,665,55,968.565,384.513,0.593633),(48,10,66,249,45,250,948.71,629.632,0.420476),(48,11,207,55,169,44,900.9,253.513,0.791202),(48,12,58,253,21,244,783.54,236.647,0.761577),(48,13,411,101,374,101,933.98,415.39,0.74),(48,14,390,283,377,274,1166.47,182.702,0.316228),(48,15,605,69,583,41,1046.94,306.609,0.71218),(49,1,260,184,216,177,1125.77,203.482,0.891067),(49,2,333,316,359,305,716.965,181.687,0.564624),(49,3,650,289,644,282,619.425,291.44,0.184391),(49,4,598,183,586,162,526.96,109.165,0.483735),(49,5,812,264,796,232,843.71,247.952,0.715542),(49,6,400,321,377,321,688.68,405.878,0.46),(49,7,836,156,831,152,1014.42,487.756,0.128062),(49,8,113,314,118,327,745.58,736.049,0.278568),(49,9,536,33,547,26,1194.82,511.038,0.260768),(49,10,230,237,237,267,1021.76,380.802,0.616117),(49,11,116,2,123,48,718.175,291.318,0.930591),(49,12,797,243,801,288,1482.58,701.642,0.903549),(49,13,884,99,856,132,713.74,206.422,0.865563),(49,14,563,254,596,282,1068.44,317.385,0.865563),(49,15,154,36,153,-8,887.535,505.846,0.880227),(50,1,814,156,846,171,686.23,305,0.706824),(50,2,220,95,210,92,764.405,630.597,0.208806),(50,3,781,314,780,304,901.17,612.638,0.200998),(50,4,568,222,589,236,657.83,227.306,0.504777),(50,5,858,236,871,223,821.655,269,0.367696),(51,1,686,200,708,205,722.675,229.218,0.451221),(51,2,519,141,496,179,734.675,199.542,0.888369),(51,3,891,26,904,62,779.575,423.596,0.765506),(51,4,674,167,686,188,637.1,252.834,0.483735),(51,5,982,398,983,396,1070.93,362.927,0.0447214),(52,1,506,122,529,148,423.725,70.214,0.694262),(52,2,345,205,349,193,698.05,192.627,0.252982),(52,3,89,287,51,283,683.58,276.471,0.764199),(52,4,691,201,675,228,736.1,645.232,0.627694),(52,5,709,70,689,72,769.86,161.617,0.401995),(53,1,519,254,510,245,584.455,91.0824,0.254558),(53,2,11,208,19,222,8293.6,500.37,0.32249),(53,3,444,129,451,142,782.82,435.056,0.295296),(53,4,357,29,322,19,639.595,146.986,0.728011),(53,5,97,259,112,261,824.82,328.976,0.302655),(54,1,551,247,582,235,507.795,83.6301,0.664831),(54,2,441,223,413,195,571.55,141.51,0.79196),(54,3,601,370,578,362,860.42,256.844,0.487032),(54,4,512,95,511,76,784.135,275.036,0.380526),(54,5,268,311,238,312,701.595,338.044,0.600333),(55,1,402,64,418,77,548.415,144.475,0.412311),(55,2,542,390,533,379,733.375,336.667,0.284253),(55,3,381,124,410,140,748.195,296.865,0.66242),(55,4,11,169,-4,165,899.755,400.052,0.310483),(55,5,757,56,741,85,755.82,768.767,0.66242),(56,1,4,303,24,288,830.675,483.16,0.5),(56,2,647,220,651,232,854.255,626.7,0.252982),(56,3,79,2,85,18,862.54,616.51,0.34176),(56,4,712,6,694,-4,1141.87,627.115,0.411825),(56,5,724,368,740,362,713.79,373.208,0.34176),(57,1,512,386,490,357,687.51,184.068,0.728011),(57,2,803,341,819,346,770.485,313.409,0.335261),(57,3,110,288,115,296,733.25,711.368,0.18868),(57,4,29,152,20,172,800.465,167.726,0.438634),(57,5,298,270,300,238,604.885,294.768,0.641249),(58,1,305,95,342,97,720.96,212.728,0.74108),(58,2,622,299,643,273,944.99,345.259,0.668431),(58,3,982,356,984,335,819.36,349.013,0.4219),(58,4,244,214,258,213,565.99,749.827,0.280713),(58,5,995,191,1011,191,1171.54,737.328,0.32),(59,1,930,142,953,146,886.32,464.992,0.466905),(59,2,227,195,186,200,756.335,727.652,0.826075),(59,3,92,21,135,19,685.125,202.181,0.86093),(59,4,352,216,372,216,1155.83,293.084,0.4),(59,5,689,22,686,25,953.3,371.652,0.0848528),(60,1,262,224,232,211,610.255,243.2,0.653911),(60,2,407,277,404,259,597.335,187.032,0.364966),(60,3,100,353,104,340,687.995,318.201,0.272029),(60,4,809,155,790,139,889.985,728.869,0.49679),(60,5,465,281,465,290,621.125,354.667,0.18),(60,6,991,330,983,338,866.225,527.519,0.226274),(60,7,282,174,294,172,888.47,719.928,0.24331),(60,8,958,49,959,59,836.79,675.296,0.200998),(60,9,613,325,611,315,863.535,436.431,0.203961),(60,10,885,319,864,319,763.115,274.029,0.42),(60,11,495,122,510,132,979.295,418.294,0.360555),(60,12,6,21,-10,16,1042.7,516.078,0.335261),(60,13,700,5,678,2,932.795,710.085,0.444072),(60,14,844,305,867,295,762.235,345.492,0.501597),(60,15,65,397,96,400,897.685,808.46,0.622896),(60,16,908,109,905,117,776.22,862.569,0.17088),(60,17,498,114,514,115,649.455,407.011,0.320624),(60,18,964,201,943,163,979.81,458.144,0.868332),(60,19,884,354,886,342,752.705,199.905,0.24331),(60,20,888,199,870,234,558.125,143.014,0.787147),(60,21,20,278,9,273,768.06,851.138,0.241661),(60,22,130,23,134,42,662.78,277.743,0.38833),(60,23,671,83,657,77,606.555,538.563,0.304631),(60,24,581,369,585,356,768.865,301.728,0.272029),(60,25,739,179,726,190,648.44,234.617,0.340588),(61,1,121,102,121,119,598.61,320.713,0.34),(61,2,207,361,213,335,796.915,256.827,0.533667),(61,3,561,329,586,312,960.515,348.052,0.604649),(62,1,579,351,580,362,806.15,231.467,0.220907),(62,2,6,396,5,393,1396.71,575.006,0.0632455),(62,3,833,80,835,86,1122.64,885.185,0.126491),(63,1,657,189,682,198,713.025,224.629,0.531413),(63,2,45,341,48,321,622.215,652.854,0.404475),(63,3,531,0,525,0,714.125,579.94,0.12),(64,1,578,123,582,124,530.71,199.04,0.0824621),(64,2,817,136,816,128,625.6,235.306,0.161245),(64,3,21,305,12,300,931.645,814.465,0.205913),(65,1,735,182,762,191,695.98,304.792,0.56921),(65,2,224,81,259,108,624.7,549.13,0.884081),(65,3,22,54,0,40,856.6,243.074,0.521536),(66,1,576,347,574,368,836.975,192.852,0.4219),(66,2,561,109,579,120,598.095,259.326,0.4219),(66,3,717,10,684,1,933.67,176.477,0.684105),(67,1,179,260,145,240,866.13,246.812,0.788923),(67,2,766,236,792,238,945.7,621.013,0.521536),(67,3,688,92,687,88,728.42,179.254,0.0824621),(68,1,601,339,575,347,681.265,260.404,0.544059),(68,2,829,24,854,38,730.755,410.908,0.573062),(68,3,398,325,407,345,643.065,538.8,0.438634),(69,1,42,247,45,239,1105.23,388.491,0.17088),(69,2,559,310,535,281,868.49,518.881,0.752861),(69,3,323,56,369,75,816.06,309.142,0.995389),(70,1,793,209,798,211,782.58,330.668,0.107703),(70,2,752,50,762,59,764.23,167.443,0.269072),(70,3,394,43,423,40,762.83,368.348,0.583095),(71,1,195,45,184,52,773.795,316.291,0.260768),(71,2,913,183,936,174,1035.96,740.677,0.493964),(71,3,398,51,405,68,725.045,551.881,0.367696),(72,1,127,359,128,348,884.41,410.468,0.220907),(72,2,838,294,879,312,910.2,712.051,0.895545),(72,3,368,176,394,178,912.11,528.788,0.521536),(73,1,830,261,844,270,727.49,304.385,0.332866),(73,2,523,222,528,210,514.105,324.569,0.26),(73,3,107,232,125,230,994.53,421.574,0.362215),(74,1,284,39,323,62,813.515,197.608,0.905538),(74,2,520,167,545,176,1020.39,223.235,0.531413),(74,3,672,166,686,156,600.41,127.393,0.344093),(75,1,555,243,581,228,550.46,105.802,0.600333),(75,2,887,58,881,60,727.56,350.051,0.126491),(75,3,117,173,117,182,984.295,772.311,0.18),(76,1,418,261,419,236,700.615,123.944,0.5004),(76,2,559,305,554,302,586.63,156.08,0.116619),(76,3,373,206,334,217,834.235,204.883,0.810432),(77,1,600,256,611,235,852.885,149.603,0.474131),(77,2,466,32,460,10,645.745,249.467,0.45607),(77,3,435,331,401,331,702.02,321.972,0.68),(78,1,532,316,539,292,649.54,106.621,0.5),(78,2,994,23,993,22,712.105,528.57,0.0282843),(78,3,109,14,130,36,792.465,884.036,0.608276),(79,1,578,172,556,186,569.185,64.1405,0.521536),(79,2,366,182,382,177,478.375,190.042,0.335261),(79,3,454,54,477,63,511.55,142.524,0.493964),(80,1,39,392,24,370,744.175,530.571,0.532541),(80,2,295,367,274,360,691.515,271.017,0.442719),(80,3,873,69,888,63,811.625,665.944,0.32311),(81,1,508,118,537,83,547.53,146.014,0.909065),(81,2,324,142,345,155,467.325,221.02,0.493964),(81,3,707,378,687,363,814.91,425.174,0.5),(82,1,956,234,933,221,927.455,455.198,0.528394),(82,2,304,37,285,67,1382.31,655.36,0.710211),(82,3,526,23,508,16,681.62,244.984,0.386264),(82,4,17,231,33,203,892.565,536.009,0.644981),(82,5,887,203,869,179,897.8,854,0.6),(82,6,283,85,297,62,993.875,593.491,0.538516),(82,7,42,149,83,142,1011.6,269.433,0.831865),(82,8,476,389,475,385,1738.79,464.175,0.0824621),(82,9,567,45,572,55,967.03,352.227,0.223607),(82,10,688,282,705,273,1044.33,254.922,0.384708),(83,1,343,269,365,274,716.67,179.778,0.451221),(83,2,269,348,278,331,547.43,121.211,0.384708),(83,3,84,147,100,172,745.75,267.38,0.593633),(83,4,20,336,33,302,741.465,182.472,0.728011),(83,5,537,239,545,227,692.635,507.922,0.288444),(83,6,487,6,503,35,730.165,228.484,0.66242),(83,7,430,105,438,102,583.07,101.139,0.17088),(83,8,3,22,-3,22,814.985,442.295,0.12),(83,9,618,180,636,188,862.93,640.785,0.393954),(83,10,885,195,900,198,743.555,249.098,0.305941),(83,11,301,146,346,156,652.3,601.253,0.921954),(83,12,748,3,752,3,674.52,430.131,0.08),(83,13,793,229,795,221,614.48,229.689,0.164924),(83,14,921,385,945,352,675.43,206.814,0.816088),(83,15,341,77,360,76,915.49,663.657,0.380526),(83,16,878,39,873,38,686.845,519.32,0.10198),(83,17,869,151,888,148,589.235,113.071,0.384708),(83,18,565,270,576,232,586.53,345.272,0.791202),(83,19,97,153,122,174,681.76,485.471,0.652993),(83,20,939,234,905,224,878.065,819.2,0.708802),(83,21,74,85,73,95,1459.69,842.545,0.200998),(83,22,957,357,956,345,856.875,922.009,0.240832),(83,23,69,100,72,91,978.375,920.214,0.189737),(83,24,247,170,248,172,906.545,192.005,0.0447214),(83,25,691,245,699,248,1535.59,448.974,0.17088),(84,1,263,45,278,45,690.555,254.637,0.3),(84,2,45,233,15,234,653.545,299.388,0.600333),(84,3,847,342,859,312,817.255,838.98,0.64622),(84,4,414,316,405,322,720.535,445.018,0.216333),(84,5,908,50,895,29,732.695,571.833,0.493964),(84,6,522,221,516,210,586.34,419.515,0.250599),(84,7,723,385,691,357,703.105,271.061,0.850412),(84,8,16,205,-8,208,748.87,691.902,0.483735),(84,9,494,227,513,192,554.38,502.359,0.796492),(84,10,319,256,342,235,409.15,204.284,0.622896),(84,11,730,13,703,10,667.54,447.021,0.543323),(84,12,92,150,95,168,625.275,626.834,0.364966),(84,13,923,53,950,57,813.645,835.948,0.545894),(84,14,798,292,763,299,990.925,279.873,0.713863),(84,15,736,98,725,134,478.165,202.805,0.752861),(84,16,126,166,119,183,781.15,599.854,0.367696),(84,17,540,369,541,342,652.065,460.258,0.54037),(84,18,406,172,419,145,547.81,217.083,0.599333),(84,19,552,87,542,109,448.59,145.097,0.483322),(84,20,607,235,615,195,414.64,141.778,0.815843),(84,21,498,359,481,398,489.01,201.457,0.850882),(84,22,462,33,480,60,496.15,365.494,0.648999),(84,23,361,276,355,274,1097.93,246.611,0.126491),(84,24,316,12,330,29,869.805,264.887,0.440454),(84,25,232,374,232,372,846.04,358.649,0.04),(85,1,361,217,385,216,609.555,132.966,0.480416),(85,2,943,185,928,168,718.065,558.86,0.453431),(85,3,627,392,612,355,704.775,375.203,0.798499),(85,4,45,34,64,24,811.625,651.56,0.429418),(85,5,90,376,110,372,817.705,352.959,0.407922),(85,6,800,313,826,319,671.19,692.518,0.533667),(85,7,898,148,896,144,732.065,185.54,0.0894427),(85,8,339,38,345,54,706.11,566.996,0.34176),(85,9,368,285,379,238,499.735,232.142,0.965401),(85,10,68,355,94,343,615.3,332.28,0.572713),(85,11,583,49,596,55,773.27,570.576,0.286356),(85,12,552,363,538,336,488.91,311.127,0.608276),(85,13,99,214,68,188,691.735,455.637,0.809197),(85,14,392,129,381,133,448.155,329.328,0.234094),(85,15,774,88,822,92,493.855,395.568,0.963328),(85,16,229,71,238,91,720.51,593.372,0.438634),(85,17,625,385,652,355,736.52,486.009,0.807217),(85,18,470,66,485,76,504.27,341.533,0.360555),(85,19,861,122,814,134,943.58,378.803,0.970155),(85,20,264,66,285,84,684.265,554.188,0.553173),(85,21,306,349,285,326,702.79,265.831,0.622896),(85,22,362,118,371,120,675.77,221.795,0.184391),(85,23,161,92,142,128,728.045,211.858,0.814125),(85,24,287,360,276,313,708.45,273.585,0.965401),(85,25,626,105,607,95,1062.47,407.141,0.429418),(86,1,920,238,902,237,845.345,427.379,0.360555),(86,2,614,326,621,299,587.59,301.438,0.557853),(86,3,351,363,347,350,1017.68,277.482,0.272029),(86,4,835,340,819,317,689.86,488.102,0.560357),(86,5,702,121,717,112,713.665,228.265,0.349857),(87,1,807,55,828,21,670.09,336.488,0.79925),(87,2,177,220,205,202,727.69,680.736,0.665733),(87,3,679,191,637,201,677.84,474.128,0.863481),(87,4,3,219,18,216,799.61,634.255,0.305941),(87,5,48,377,42,363,723.54,163.771,0.304631),(88,1,717,12,745,3,743.785,282.97,0.588218),(88,2,53,64,67,62,670.975,694.683,0.282843),(88,3,379,356,385,359,805.365,428.696,0.134164),(88,4,67,19,93,26,1315.82,465.536,0.538516),(88,5,547,174,550,167,786.775,477.514,0.152315),(89,1,38,320,31,326,845,505.213,0.184391),(89,2,239,32,231,63,837.62,360.139,0.640312),(89,3,297,392,326,391,652.815,335.555,0.580345),(89,4,13,126,10,117,803.105,410.115,0.189737),(89,5,296,319,315,340,674.91,350.143,0.566392),(90,1,468,372,452,331,653.94,187.683,0.880227),(90,2,874,177,907,187,851.755,449.222,0.689638),(90,3,470,277,479,293,680.395,446.171,0.367151),(90,4,622,307,602,299,677.5,143.684,0.430813),(90,5,377,209,407,188,768.755,242.332,0.732393),(91,1,683,208,705,211,846.045,232.045,0.444072),(91,2,535,18,565,41,646.775,257.194,0.756042),(91,3,127,397,143,388,968.225,564.429,0.367151),(91,4,11,330,36,326,812.645,144.18,0.50636),(91,5,189,117,203,136,626.075,259.017,0.472017),(92,1,19,308,8,314,948.615,519.131,0.250599),(92,2,793,396,782,397,995.985,789.271,0.220907),(92,3,120,250,159,252,792.15,678.125,0.781025),(92,4,62,125,50,140,661.065,159.806,0.384187),(92,5,371,372,391,367,1042.38,396.062,0.412311),(93,1,406,322,402,306,790.235,131.4,0.329848),(93,2,290,317,282,290,574.825,112.539,0.563205),(93,3,284,193,283,182,437.295,97.0206,0.220907),(93,4,920,59,915,63,933.17,648.767,0.128062),(93,5,715,358,729,352,772.925,356.406,0.304631),(94,1,835,295,827,275,786.43,316.992,0.430813),(94,2,548,132,528,147,662.95,313.512,0.5),(94,3,736,158,721,162,695.495,208.291,0.310483),(94,4,361,250,352,244,1087.69,370.6,0.216333),(94,5,883,201,885,188,722.135,532.738,0.263059),(95,1,918,268,914,279,893.91,470.09,0.234094),(95,2,542,295,539,321,663.57,372.344,0.52345),(95,3,821,115,836,99,710.55,349.228,0.438634),(95,4,507,97,542,92,712.74,329.006,0.707107),(95,5,195,309,207,304,700.28,409.265,0.26),(96,1,883,391,891,404,1290.69,487.016,0.305287),(96,2,396,160,377,175,879.29,551.87,0.484149),(96,3,674,336,675,344,619.735,337.831,0.161245),(96,4,467,108,488,112,716.295,314.579,0.427551),(96,5,197,266,225,270,702.925,329.237,0.565685),(97,1,755,371,754,373,977.195,350.407,0.0447214),(97,2,178,229,202,229,879.7,593.727,0.48),(97,3,284,272,312,263,583.73,92.5905,0.588218),(97,4,965,386,972,363,945.215,664.483,0.480833),(97,5,896,205,869,230,576.965,175.328,0.735935),(98,1,825,79,828,55,828.625,396.445,0.483735),(98,2,577,121,535,101,626.375,259.532,0.930376),(98,3,903,116,895,108,665.695,368.306,0.226274),(98,4,905,385,882,373,883.68,277.18,0.518845),(98,5,259,281,295,269,1358.28,629.756,0.758947),(99,1,943,160,942,150,1097.56,441.101,0.200998),(99,2,43,14,54,1,2038.88,909.229,0.340588),(99,3,805,69,777,73,1027.22,754.072,0.565685),(99,4,935,140,926,132,711.645,171.619,0.240832),(99,5,682,72,730,72,738.925,251.269,0.96),(100,1,120,378,128,379,1195.94,430.029,0.161245),(100,2,415,44,396,35,724.78,441.128,0.420476),(100,3,705,271,709,268,1171.45,388.815,0.1),(100,4,326,83,307,75,667.75,425.34,0.412311),(100,5,322,365,323,354,639.325,290.388,0.220907),(101,1,428,318,421,280,1878.27,152.201,0.772787),(101,2,487,207,465,247,703.11,98.4124,0.913017),(101,3,242,183,248,192,646.14,232.002,0.216333),(101,4,656,166,679,165,858.49,408.828,0.460435),(101,5,723,10,709,2,631.24,161.124,0.32249),(102,1,828,124,853,117,960.935,374.486,0.51923),(102,2,53,191,54,172,972.92,803.415,0.380526),(102,3,569,47,571,33,634.41,529.953,0.282843),(102,4,87,267,101,246,717.005,537.598,0.504777),(102,5,352,93,351,88,755.39,293.956,0.10198),(103,1,873,9,857,21,778.09,435.639,0.4),(103,2,559,369,588,364,865.375,458.157,0.588558),(103,3,387,375,397,351,663.295,201.301,0.52),(103,4,680,334,673,332,798.975,283.51,0.145602),(103,5,923,350,933,331,864.11,250.647,0.429418),(104,1,829,64,799,68,809.485,367.491,0.60531),(104,2,531,137,550,140,627.16,276.74,0.384708),(104,3,84,396,108,387,891.46,531.688,0.51264),(104,4,592,80,606,67,625.345,573.154,0.382099),(104,5,569,247,582,232,657.53,183.763,0.396989),(105,1,525,168,557,203,974.955,82.2982,0.948472),(105,2,427,254,422,241,552.19,139.646,0.278568),(105,3,570,23,550,13,643.84,263.492,0.447214),(105,4,883,165,855,173,644.84,366.051,0.582409),(105,5,337,41,350,42,1010.67,534.554,0.260768),(106,1,434,31,415,26,707.42,192.627,0.392938),(106,2,328,355,356,346,730.27,340.309,0.588218),(106,3,74,369,100,348,817.435,282.936,0.668431),(106,4,768,238,756,212,805.97,676.996,0.572713),(106,5,306,162,325,164,722.935,452.769,0.382099),(107,1,648,13,631,14,704.33,265.966,0.340588),(107,2,320,154,277,179,581.475,341.059,0.994786),(107,3,172,329,176,313,857.415,183.098,0.329848),(107,4,375,194,340,201,556.175,231.866,0.713863),(107,5,164,9,161,24,643.565,260.461,0.305941),(107,6,829,211,815,194,830.43,693.681,0.440454),(107,7,160,141,155,132,757.6,657.141,0.205913),(107,8,878,366,854,364,1123.03,759.924,0.481664),(107,9,745,268,783,277,538.44,145.248,0.781025),(107,10,375,201,363,197,465.655,415.018,0.252982),(107,11,158,95,136,106,717.33,228.974,0.491935),(107,12,486,261,474,243,555.475,382.786,0.432666),(107,13,534,101,506,102,506.87,154.156,0.560357),(107,14,190,49,196,51,582.375,320.414,0.126491),(107,15,289,158,308,156,431.1,141.767,0.382099),(107,16,856,160,855,131,729.85,548.015,0.580345),(107,17,713,109,700,84,565.31,143.694,0.56356),(107,18,904,326,906,332,768.86,316.512,0.126491),(107,19,808,393,835,355,493.97,115.434,0.932309),(107,20,20,381,5,380,910.42,815.415,0.300666),(107,21,556,267,561,241,769.62,562.468,0.529528),(107,22,894,8,923,4,759.1,406.421,0.585491),(107,23,262,302,309,306,762.815,725.069,0.943398),(107,24,59,134,97,151,742.32,303.453,0.832586),(107,25,847,13,855,-5,721.12,762.59,0.393954),(108,1,46,328,58,344,747.375,425.8,0.4),(108,2,360,279,385,276,705.225,308.916,0.503587),(108,3,581,220,614,213,511.94,203.843,0.674685),(108,4,53,292,80,298,612.105,566.535,0.553173),(108,5,418,145,392,149,770.335,371.016,0.526118),(108,6,884,185,895,170,844.09,493.315,0.372021),(108,7,408,248,441,246,723.435,493.207,0.661211),(108,8,622,85,655,107,623.315,242.244,0.793221),(108,9,256,326,298,336,821.45,455.151,0.863481),(108,10,590,345,585,348,702.735,292.139,0.116619),(108,11,89,24,112,15,908.89,592.446,0.493964),(108,12,238,9,274,21,598.9,126.143,0.758947),(108,13,180,320,182,320,674.87,313.428,0.04),(108,14,317,212,313,208,510.535,172.884,0.113137),(108,15,502,75,523,86,613.535,231.106,0.474131),(108,16,870,21,859,38,743.18,353.035,0.404969),(108,17,430,52,423,59,725.965,429.228,0.19799),(108,18,175,285,198,283,787.685,335.529,0.461736),(108,19,406,162,442,161,467.355,240.635,0.720278),(108,20,45,134,25,128,747.42,397.917,0.417612),(108,21,741,88,725,70,1015.34,717.116,0.481664),(108,22,55,119,45,134,601.965,671.789,0.360555),(108,23,376,167,412,149,982.065,332.641,0.804984),(108,24,233,67,271,71,565.93,196.888,0.764199),(108,25,62,83,95,77,624.89,209.344,0.67082),(109,1,577,286,565,282,938.21,122.43,0.252982),(109,2,50,123,26,140,918.01,538.986,0.588218),(109,3,601,20,613,6,647.905,587.388,0.368782),(109,4,761,173,738,172,561.535,223.143,0.460435),(109,5,504,70,515,70,605.265,255.265,0.22),(109,6,187,49,208,73,724.605,328.672,0.637809),(109,7,219,349,190,346,646.09,276.219,0.583095),(109,8,581,392,558,385,841.11,393.697,0.480833),(109,9,234,0,234,15,841.105,503.191,0.3),(109,10,456,382,443,368,857.5,428.921,0.382099),(109,11,1,298,15,307,1096.7,447.509,0.332866),(109,12,901,195,916,183,714.545,893.051,0.384187),(109,13,708,205,726,205,701.755,209.16,0.36),(109,14,899,166,913,176,582.09,177.341,0.344093),(109,15,965,393,946,358,730.07,223.143,0.796492),(109,16,486,90,458,93,1352.37,532.376,0.563205),(109,17,72,352,82,359,1077.42,464.841,0.244131),(109,18,916,354,904,328,731.495,834.015,0.572713),(109,19,197,283,198,276,678.62,708.431,0.141421),(109,20,126,189,134,187,838.76,112.929,0.164924),(109,21,159,378,184,350,795.2,192.629,0.750733),(109,22,286,90,280,103,808.165,279.292,0.286356),(109,23,877,206,872,168,987.32,605.82,0.766551),(109,24,120,348,150,352,895.695,773.243,0.60531),(109,25,97,6,94,23,1121.65,350.036,0.345254),(110,1,760,0,753,-4,1128.93,359.227,0.161245),(110,2,835,320,850,311,801.85,334.215,0.349857),(110,3,58,278,64,277,708.3,792.687,0.121655),(110,4,267,164,271,148,846.46,232.332,0.329848),(110,5,377,56,406,48,643.47,140.357,0.601664),(110,6,123,351,111,336,859.94,414.606,0.384187),(110,7,439,91,424,93,556.695,409.401,0.302655),(110,8,779,333,751,312,779.935,428.515,0.7),(110,9,676,366,688,345,573.87,92.4175,0.483735),(110,10,393,206,406,188,598.845,326.107,0.444072),(110,11,463,54,435,43,458.38,145.619,0.601664),(110,12,707,260,739,257,792.36,347.955,0.642806),(110,13,656,150,667,129,647.06,135.418,0.474131),(110,14,213,321,228,323,893.57,492.93,0.302655),(110,15,136,227,162,238,1265.06,132.966,0.564624),(111,1,320,297,295,320,585.005,103.812,0.679412),(111,2,24,198,58,184,716.63,297.195,0.735391),(111,3,109,299,105,311,634.26,125.801,0.252982),(111,4,83,91,95,101,637.365,221.097,0.31241),(111,5,333,221,326,228,635.435,266.541,0.19799),(111,6,413,301,415,273,585.04,113.569,0.561427),(111,7,556,232,546,223,817.49,146.84,0.269072),(111,8,319,343,290,331,658.75,256.766,0.627694),(111,9,593,306,585,292,608.585,304.03,0.32249),(111,10,309,80,319,87,762.43,348.023,0.244131),(111,11,635,5,610,23,595.565,326.466,0.616117),(111,12,360,176,375,165,628.035,293.102,0.372021),(111,13,659,361,643,353,873.165,345.068,0.357771),(111,14,422,341,419,314,570.665,221.326,0.543323),(111,15,531,59,521,48,699.41,278.512,0.297321),(112,1,559,277,565,272,1003.21,220.411,0.156205),(112,2,655,316,655,299,837.745,100.18,0.34),(112,3,334,297,318,294,694.06,321.006,0.325576),(112,4,328,27,350,62,850.475,267.187,0.826801),(112,5,293,315,300,320,1321.53,259.341,0.172047),(112,6,271,213,281,214,572.715,110.86,0.200998),(112,7,600,89,583,88,790.9,342.616,0.340588),(112,8,365,149,340,158,528.135,226.374,0.531413),(112,9,728,115,732,114,1016.24,390.375,0.0824621),(112,10,469,104,497,122,1386.98,263.19,0.665733),(112,11,313,289,338,300,851.08,248.485,0.54626),(112,12,12,84,32,86,1124.36,391.065,0.401995),(112,13,606,354,627,344,849.165,633.482,0.465188),(112,14,24,86,4,61,924.15,655.876,0.640312),(112,15,64,391,59,389,937.945,335.41,0.107703),(113,1,635,99,641,83,747.605,303.727,0.34176),(113,2,61,204,85,203,932.41,592.487,0.480416),(113,3,386,338,395,333,771.84,329.888,0.205913),(113,4,68,399,63,396,883.7,333.594,0.116619),(113,5,633,57,657,60,957.36,663.19,0.483735),(113,6,545,348,531,330,568.245,309.011,0.45607),(113,7,3,69,10,65,1423.33,588.986,0.161245),(113,8,530,69,492,62,766.815,520.015,0.772787),(113,9,116,338,114,336,829.545,466.425,0.0565685),(113,10,500,17,507,43,1392.18,500.756,0.538516),(113,11,166,291,195,279,734.615,421.646,0.627694),(113,12,602,52,608,63,632.23,466.024,0.250599),(113,13,717,365,719,363,946.175,321.069,0.0565685),(113,14,35,65,75,85,905.58,746.096,0.894427),(113,15,304,384,300,370,723.97,376.619,0.291204),(114,1,675,199,691,183,1063.7,188.86,0.452548),(114,2,743,4,724,36,629.9,186.4,0.744312),(114,3,266,126,257,145,749.86,466.759,0.420476),(114,4,891,395,877,389,877.625,681.51,0.304631),(114,5,395,67,403,71,877.39,579.662,0.178885),(114,6,512,295,491,297,716.895,249.112,0.4219),(114,7,175,220,214,234,782.665,325.246,0.828734),(114,8,214,62,228,87,752.375,172,0.573062),(114,9,892,352,913,380,994.635,714.927,0.7),(114,10,622,215,631,217,514.875,334.524,0.184391),(114,11,675,336,662,332,579.2,126.874,0.272029),(114,12,526,129,536,154,545.48,244.346,0.538516),(114,13,630,73,609,106,852.765,124.085,0.782304),(114,14,679,273,671,257,663.225,181.077,0.357771),(114,15,734,381,711,367,956.15,139.086,0.538516),(115,1,807,23,803,28,1358.23,335.966,0.128062),(115,2,445,40,439,48,758.66,358.201,0.2),(115,3,104,12,96,16,743.27,336.929,0.178885),(115,4,389,39,400,14,992.37,293.901,0.54626),(115,5,391,385,406,372,881.225,371.109,0.396989),(115,6,176,82,176,70,731.32,370.135,0.24),(115,7,958,63,956,44,1151.05,782.031,0.382099),(115,8,375,281,362,281,1034.35,627.479,0.26),(115,9,585,375,604,398,934.74,242.002,0.596657),(115,10,335,289,329,275,832.225,290.245,0.304631),(115,11,182,146,206,146,751.29,195.576,0.48),(115,12,911,248,901,237,1010.65,712.341,0.297321),(115,13,568,150,554,167,728.47,344.177,0.440454),(115,14,207,253,252,240,1039.48,357.498,0.936803),(115,15,876,75,892,68,1019.47,645.446,0.349285),(116,1,558,64,568,67,905.215,117.239,0.208806),(116,2,366,379,385,388,751.125,371.683,0.420476),(116,3,849,260,827,257,737.725,481.331,0.444072),(116,4,50,39,39,65,811.645,807.003,0.564624),(116,5,289,221,305,200,695.465,294.679,0.528015),(116,6,715,98,695,99,810.16,422.497,0.4005),(116,7,137,253,140,237,909.31,578.861,0.325576),(116,8,800,47,783,70,752.615,686.804,0.572014),(116,9,355,156,316,152,784.67,436.555,0.784092),(116,10,293,34,316,-8,480.79,120.221,0.957706),(116,11,371,281,373,287,621.795,294.187,0.126491),(116,12,120,133,99,127,1646.97,296.184,0.436807),(116,13,561,229,545,211,671.12,473.126,0.481664),(116,14,805,70,797,63,764.74,295.772,0.212603),(116,15,378,386,358,389,984.695,529.046,0.404475),(117,1,488,347,488,346,1847.56,170.792,0.02),(117,2,360,376,361,375,2215.34,131.469,0.0282843),(117,3,214,296,213,295,1906.17,166.883,0.0282843),(117,4,571,107,570,107,1826.28,404.361,0.02),(117,5,249,246,248,244,2743.65,349.803,0.0447214),(117,6,318,120,317,117,1989.15,142.394,0.0632455),(117,7,577,216,576,215,2529.28,278.21,0.0282843),(117,8,607,19,606,17,1421.96,198.436,0.0447214),(117,9,486,54,485,51,2226.18,125.575,0.0632455),(117,10,309,370,306,368,1828.53,364.331,0.072111),(117,11,674,22,675,19,1780.49,505.114,0.0632455),(117,12,737,337,736,337,1949.2,323.988,0.02),(117,13,838,238,838,236,2138.64,142.144,0.04),(117,14,116,93,115,90,2600.39,736.025,0.0632455),(117,15,668,174,667,172,2842.52,559.343,0.0447214);
/*!40000 ALTER TABLE `aim_test` ENABLE KEYS */;
UNLOCK TABLES;

--
-- Table structure for table `aim_test_summary`
--

DROP TABLE IF EXISTS `aim_test_summary`;
/*!40101 SET @saved_cs_client     = @@character_set_client */;
/*!40101 SET character_set_client = utf8 */;
CREATE TABLE `aim_test_summary` (
  `testid` int(11) NOT NULL AUTO_INCREMENT,
  `user` varchar(256) DEFAULT NULL,
  `timestamp` timestamp NOT NULL DEFAULT current_timestamp(),
  `timer_resolution` float DEFAULT NULL,
  `screen_width` int(11) DEFAULT NULL,
  `target_radius` float DEFAULT NULL,
  `rounds` int(11) DEFAULT NULL,
  `mean_time` float DEFAULT NULL,
  `mean_error` float DEFAULT NULL,
  PRIMARY KEY (`testid`)
) ENGINE=InnoDB AUTO_INCREMENT=118 DEFAULT CHARSET=latin1;
/*!40101 SET character_set_client = @saved_cs_client */;

--
-- Dumping data for table `aim_test_summary`
--

LOCK TABLES `aim_test_summary` WRITE;
/*!40000 ALTER TABLE `aim_test_summary` DISABLE KEYS */;
INSERT INTO `aim_test_summary` VALUES (1,NULL,'2020-08-25 04:24:33',0.00499998,894,50,25,1494.88,0.0626853),(2,NULL,'2020-08-25 04:25:00',0.00499998,894,50,25,699.643,0.465538),(3,NULL,'2020-08-25 04:25:44',0.00499998,894,50,25,654.808,0.4557),(4,NULL,'2020-08-25 04:26:10',0.00499998,894,50,10,694.56,0.489763),(5,NULL,'2020-08-25 04:26:20',0.00499998,894,50,10,778.649,0.486773),(6,NULL,'2020-08-25 04:26:28',0.00499998,894,50,10,792.473,0.582355),(7,NULL,'2020-08-25 04:26:41',0.00499998,894,50,10,660.536,0.670048),(8,NULL,'2020-08-25 04:26:57',0.00500001,894,50,10,722.283,0.414649),(9,NULL,'2020-08-25 04:27:23',0.00499998,894,50,10,705.784,0.424744),(10,NULL,'2020-08-25 20:31:59',0.00499998,894,50,10,849.037,0.275176),(11,NULL,'2020-08-25 21:12:17',0.00499998,894,50,10,745.638,0.391972),(12,NULL,'2020-08-26 20:45:08',0.00499998,894,50,10,1044.79,0.33802),(13,NULL,'2020-08-26 20:52:32',0.00499998,894,50,10,1152.65,0.239903),(14,NULL,'2020-08-26 20:54:36',0.00499998,894,50,10,913.974,0.265801),(15,NULL,'2020-08-26 20:59:57',0.00499998,894,50,10,991.89,0.301277),(16,NULL,'2020-08-26 21:00:57',0.00499998,894,50,5,840.213,0.230611),(17,NULL,'2020-08-26 21:01:15',0.00499998,894,50,5,1104.87,0.300094),(18,NULL,'2020-08-26 21:14:26',0.00499998,894,50,5,945.576,0.371996),(19,NULL,'2020-08-26 21:15:51',0.00499998,894,50,5,802.349,0.371411),(20,NULL,'2020-08-26 21:17:41',0.00499998,894,50,5,830.625,0.25498),(21,NULL,'2020-08-26 21:19:57',0.00499998,894,50,5,762.341,0.334596),(22,NULL,'2020-08-26 21:47:21',0.00499998,894,50,5,778.927,0.231701),(23,NULL,'2020-08-26 21:56:20',0.00499998,894,50,5,685.458,0.387078),(24,NULL,'2020-08-26 21:58:29',0.00499998,866,50,5,764.234,0.280284),(25,NULL,'2020-08-26 21:59:52',0.00499998,866,50,5,836.11,0.328326),(26,NULL,'2020-08-26 22:02:13',0.00499998,866,50,5,866.386,0.369259),(27,NULL,'2020-08-26 22:03:20',0.00499998,866,50,5,812.998,0.593506),(28,NULL,'2020-08-26 22:04:47',0.00499998,866,50,5,1017.38,0.253309),(29,NULL,'2020-08-27 00:28:52',0.00499998,866,50,5,891.457,0.263707),(30,NULL,'2020-08-27 00:47:04',0.00499998,866,50,5,2404.37,0.0329443),(31,NULL,'2020-08-27 00:56:06',0.00499998,866,50,5,1086.66,0.563909),(32,NULL,'2020-08-27 00:57:26',0.00499998,866,50,30,1159.05,0.332025),(33,NULL,'2020-08-27 19:32:21',0.005,894,50,30,1247.6,0.409697),(34,NULL,'2020-08-27 21:23:10',0.005,866,50,30,865.879,0.345176),(35,NULL,'2020-08-28 03:22:33',0.00499999,684,50,15,1615.64,0.826889),(36,NULL,'2020-08-28 03:23:43',0.00499999,684,50,15,3013.55,0.529703),(37,NULL,'2020-08-28 22:21:45',0.00499999,865,50,15,901.063,0.498262),(38,NULL,'2020-08-28 22:23:24',0.00499999,865,50,15,909.736,0.222765),(39,NULL,'2020-08-29 17:52:38',0.00499998,703,50,15,1266.46,0.52536),(40,NULL,'2020-08-29 17:57:17',0.00499998,693,50,15,832.282,0.420548),(41,NULL,'2020-08-29 18:06:45',0.00499998,693,50,15,923.579,0.56662),(42,NULL,'2020-08-29 18:07:25',0.00499998,693,50,15,778.048,0.46848),(43,NULL,'2020-08-29 18:08:41',0.00499998,693,50,15,802.612,0.509573),(44,NULL,'2020-09-01 08:15:06',0.00499998,880,50,15,939.849,0.455399),(45,NULL,'2020-09-02 02:50:57',0.00499998,871,50,15,1140.62,0.261391),(46,NULL,'2020-09-02 22:02:50',0.00499992,749,50,15,976.33,0.386502),(47,NULL,'2020-09-04 13:42:27',0.005,989,50,15,903.07,0.445076),(48,NULL,'2020-09-04 13:47:36',0.005,900,50,15,897.923,0.521073),(49,NULL,'2020-09-04 13:55:37',0.005,900,50,15,891.238,0.601891),(50,NULL,'2020-09-04 14:02:39',0.005,1000,50,5,766.258,0.39782),(51,NULL,'2020-09-04 14:04:34',0.005,1000,50,5,788.991,0.526711),(52,NULL,'2020-09-04 14:06:34',0.005,1000,50,5,662.263,0.548227),(53,NULL,'2020-09-04 14:07:15',0.005,1000,50,5,2225.06,0.380602),(54,NULL,'2020-09-04 14:18:29',0.005,1000,50,5,685.099,0.584936),(55,NULL,'2020-09-04 14:19:06',0.005,1000,50,5,737.112,0.466377),(56,NULL,'2020-09-04 14:21:58',0.005,1000,50,5,880.626,0.369666),(57,NULL,'2020-09-04 14:23:32',0.005,1000,50,5,719.319,0.466367),(58,NULL,'2020-09-04 14:24:10',0.005,1000,50,5,844.567,0.486425),(59,NULL,'2020-09-04 14:27:10',0.005,1000,50,5,887.382,0.527752),(60,NULL,'2020-09-04 14:27:48',0.005,1000,50,25,776.422,0.378566),(61,NULL,'2020-09-04 14:33:33',0.005,847,50,3,785.347,0.492772),(62,NULL,'2020-09-04 14:43:36',0.005,847,50,3,1108.5,0.136881),(63,NULL,'2020-09-04 14:44:41',0.005,847,50,3,683.122,0.351963),(64,NULL,'2020-09-04 14:46:41',0.005,847,50,3,695.985,0.149873),(65,NULL,'2020-09-04 14:47:31',0.005,847,50,3,725.76,0.658276),(66,NULL,'2020-09-04 14:48:11',0.005,847,50,3,789.58,0.509302),(67,NULL,'2020-09-04 14:52:25',0.005,847,50,3,846.75,0.464307),(68,NULL,'2020-09-04 14:53:53',0.005,847,50,3,685.028,0.518585),(69,NULL,'2020-09-04 14:55:11',0.005,847,50,3,929.928,0.63971),(70,NULL,'2020-09-04 15:01:20',0.005,1000,50,3,769.88,0.319957),(71,NULL,'2020-09-04 15:08:58',0.005,1000,50,3,844.933,0.374142),(72,NULL,'2020-09-04 15:09:49',0.005,1000,50,3,902.24,0.545996),(73,NULL,'2020-09-04 15:14:05',0.005,1000,50,3,745.375,0.318361),(74,NULL,'2020-09-04 15:15:16',0.005,1000,50,3,811.437,0.593682),(75,NULL,'2020-09-04 15:15:55',0.005,1000,50,3,754.105,0.302275),(76,NULL,'2020-09-04 15:17:40',0.005,1000,50,3,707.16,0.475817),(77,NULL,'2020-09-04 15:29:29',0.005,1000,50,3,733.55,0.536734),(78,NULL,'2020-09-04 15:30:38',0.005,1000,50,3,718.037,0.378853),(79,NULL,'2020-09-04 15:32:13',0.005,1000,50,3,519.703,0.450254),(80,NULL,'2020-09-04 15:41:48',0.005,1000,50,3,749.105,0.43279),(81,NULL,'2020-09-04 15:54:53',0.005,966,50,3,609.922,0.634343),(82,NULL,'2020-09-04 15:55:41',0.005,966,50,10,1053.74,0.493101),(83,NULL,'2020-09-04 15:56:41',0.005,966,50,25,794.815,0.397982),(84,NULL,'2020-09-04 15:57:24',0.005,966,50,25,673.407,0.523811),(85,NULL,'2020-09-04 16:00:25',0.005,966,50,25,689.949,0.564795),(86,NULL,'2020-09-04 16:08:18',0.005,966,50,5,770.828,0.42013),(87,NULL,'2020-09-04 16:12:03',0.005,966,50,5,719.754,0.587807),(88,NULL,'2020-09-04 16:15:35',0.005,966,50,5,864.545,0.339211),(89,NULL,'2020-09-04 16:16:41',0.005,966,50,5,762.69,0.432235),(90,NULL,'2020-09-04 16:18:46',0.005,966,50,5,726.469,0.620045),(91,NULL,'2020-09-04 16:19:30',0.005,966,50,5,779.953,0.509128),(92,NULL,'2020-09-04 16:22:43',0.005,966,50,5,888.038,0.409806),(93,NULL,'2020-09-04 16:23:14',0.005,966,50,5,701.69,0.309331),(94,NULL,'2020-09-04 16:23:54',0.005,966,50,5,790.939,0.344138),(95,NULL,'2020-09-04 16:25:19',0.005,966,50,5,736.21,0.432657),(96,NULL,'2020-09-04 16:26:23',0.005,966,50,5,841.787,0.388783),(97,NULL,'2020-09-04 16:27:09',0.005,966,50,5,792.561,0.465941),(98,NULL,'2020-09-04 16:27:27',0.005,966,50,5,872.53,0.583636),(99,NULL,'2020-09-04 16:29:31',0.005,966,50,5,1122.85,0.461621),(100,NULL,'2020-09-04 18:02:31',0.005,1000,50,5,879.851,0.262988),(101,NULL,'2020-09-04 22:46:40',0.00499999,966,50,5,943.449,0.537012),(102,NULL,'2020-09-04 22:49:21',0.005,966,50,5,808.132,0.357871),(103,'adam','2020-09-04 22:50:49',0.005,966,50,5,793.969,0.416716),(104,'Adam1','2020-09-05 01:03:42',0.00499999,921,50,5,722.196,0.456349),(105,'adam','2020-09-05 01:45:44',0.005,921,50,5,765.299,0.503486),(106,'adam','2020-09-05 01:45:49',0.005,921,50,5,756.806,0.52088),(107,'adam','2020-09-05 01:46:35',0.00499999,921,50,25,682.986,0.505158),(108,'adam','2020-09-05 01:46:57',0.005,921,50,25,705.221,0.505164),(109,'Aaron','2020-09-05 03:38:48',0.00499999,1000,50,25,827.727,0.4373),(110,'Aaron','2020-09-05 03:50:28',0.00499999,925,50,15,770.315,0.430987),(111,NULL,'2020-09-07 21:51:42',0.005,741,50,15,667.189,0.42597),(112,NULL,'2020-09-07 21:58:50',0.005,741,50,15,912.579,0.386885),(113,NULL,'2020-09-07 21:59:27',0.005,741,50,15,881.04,0.382275),(114,NULL,'2020-09-08 01:02:39',0.005,988,50,15,770.45,0.486538),(115,NULL,'2020-09-08 01:32:31',0.005,1000,50,15,931.121,0.382497),(116,NULL,'2020-09-08 01:33:20',0.005,1000,50,15,821.869,0.457861),(117,NULL,'2020-09-08 02:25:34',0.005,862,50,15,2123.02,0.0429407);
/*!40000 ALTER TABLE `aim_test_summary` ENABLE KEYS */;
UNLOCK TABLES;

--
-- Table structure for table `number_memory`
--

DROP TABLE IF EXISTS `number_memory`;
/*!40101 SET @saved_cs_client     = @@character_set_client */;
/*!40101 SET character_set_client = utf8 */;
CREATE TABLE `number_memory` (
  `id` int(11) NOT NULL AUTO_INCREMENT,
  `user` varchar(256) DEFAULT NULL,
  `timestamp` timestamp NOT NULL DEFAULT current_timestamp(),
  `max_round` int(11) DEFAULT NULL,
  PRIMARY KEY (`id`)
) ENGINE=InnoDB AUTO_INCREMENT=166 DEFAULT CHARSET=latin1;
/*!40101 SET character_set_client = @saved_cs_client */;

--
-- Dumping data for table `number_memory`
--

LOCK TABLES `number_memory` WRITE;
/*!40000 ALTER TABLE `number_memory` DISABLE KEYS */;
INSERT INTO `number_memory` VALUES (1,NULL,'2020-09-03 02:41:06',3),(2,'test','2020-09-03 02:41:06',5),(3,NULL,'2020-09-03 03:34:43',0),(4,NULL,'2020-09-03 03:35:46',3),(5,NULL,'2020-09-03 21:39:22',0),(6,NULL,'2020-09-03 21:41:33',9),(7,NULL,'2020-09-03 21:42:12',0),(8,NULL,'2020-09-03 21:43:32',8),(9,NULL,'2020-09-03 21:57:06',0),(10,NULL,'2020-09-03 21:57:11',0),(11,NULL,'2020-09-03 22:23:05',4),(12,NULL,'2020-09-03 22:23:05',5),(13,NULL,'2020-09-03 22:23:05',7),(14,NULL,'2020-09-03 22:23:05',7),(15,NULL,'2020-09-03 22:23:05',8),(16,NULL,'2020-09-03 22:23:05',6),(17,NULL,'2020-09-03 22:23:05',6),(18,NULL,'2020-09-03 22:23:05',7),(19,NULL,'2020-09-03 22:23:05',8),(20,NULL,'2020-09-03 22:23:05',1),(21,NULL,'2020-09-03 22:23:05',6),(22,NULL,'2020-09-03 22:23:05',6),(23,NULL,'2020-09-03 22:23:05',0),(24,NULL,'2020-09-03 22:23:05',6),(25,NULL,'2020-09-03 22:23:05',5),(26,NULL,'2020-09-03 22:23:05',6),(27,NULL,'2020-09-03 22:23:05',9),(28,NULL,'2020-09-03 22:23:05',6),(29,NULL,'2020-09-03 22:23:05',6),(30,NULL,'2020-09-03 22:23:05',6),(31,NULL,'2020-09-03 22:23:05',5),(32,NULL,'2020-09-03 22:23:05',7),(33,NULL,'2020-09-03 22:23:05',1),(34,NULL,'2020-09-03 22:23:05',0),(35,NULL,'2020-09-03 22:23:05',6),(36,NULL,'2020-09-03 22:23:05',6),(37,NULL,'2020-09-03 22:23:05',7),(38,NULL,'2020-09-03 22:23:05',7),(39,NULL,'2020-09-03 22:23:05',4),(40,NULL,'2020-09-03 22:30:06',4),(41,NULL,'2020-09-03 22:30:06',5),(42,NULL,'2020-09-03 22:30:06',7),(43,NULL,'2020-09-03 22:30:06',7),(44,NULL,'2020-09-03 22:30:06',8),(45,NULL,'2020-09-03 22:30:06',6),(46,NULL,'2020-09-03 22:30:06',6),(47,NULL,'2020-09-03 22:30:06',6),(48,NULL,'2020-09-03 22:30:06',6),(49,NULL,'2020-09-03 22:30:06',5),(50,NULL,'2020-09-03 22:30:06',7),(51,NULL,'2020-09-03 22:30:06',1),(52,NULL,'2020-09-03 22:30:06',0),(53,NULL,'2020-09-03 22:30:06',6),(54,NULL,'2020-09-03 22:30:06',6),(55,NULL,'2020-09-03 22:30:06',6),(56,NULL,'2020-09-03 22:30:06',7),(57,NULL,'2020-09-03 22:30:06',8),(58,NULL,'2020-09-03 22:30:06',1),(59,NULL,'2020-09-03 22:30:06',7),(60,NULL,'2020-09-03 22:30:06',7),(61,NULL,'2020-09-03 22:30:06',11),(62,NULL,'2020-09-03 22:30:06',6),(63,NULL,'2020-09-03 22:30:06',6),(64,NULL,'2020-09-03 22:30:06',6),(65,NULL,'2020-09-03 22:30:06',6),(66,NULL,'2020-09-03 22:30:06',5),(67,NULL,'2020-09-03 22:30:06',7),(68,NULL,'2020-09-03 22:30:06',1),(69,NULL,'2020-09-03 22:30:06',0),(70,NULL,'2020-09-03 22:30:06',6),(71,NULL,'2020-09-03 22:30:06',6),(72,NULL,'2020-09-03 22:30:06',6),(73,NULL,'2020-09-03 22:30:06',6),(74,NULL,'2020-09-03 22:30:06',0),(75,NULL,'2020-09-03 22:30:06',6),(76,NULL,'2020-09-03 22:30:06',5),(77,NULL,'2020-09-03 22:30:06',6),(78,NULL,'2020-09-03 22:30:06',9),(79,NULL,'2020-09-03 22:30:06',7),(80,NULL,'2020-09-03 22:30:06',7),(81,NULL,'2020-09-03 22:30:06',4),(82,NULL,'2020-09-03 22:38:03',0),(83,NULL,'2020-09-03 22:38:07',0),(84,NULL,'2020-09-04 16:35:01',3),(85,NULL,'2020-09-04 16:35:01',3),(86,NULL,'2020-09-04 16:35:02',3),(87,NULL,'2020-09-04 16:39:20',3),(88,NULL,'2020-09-04 16:39:21',3),(89,NULL,'2020-09-04 16:39:21',3),(90,NULL,'2020-09-04 16:39:21',3),(91,NULL,'2020-09-04 16:39:21',3),(92,NULL,'2020-09-04 16:39:22',3),(93,NULL,'2020-09-04 16:39:22',3),(94,NULL,'2020-09-04 16:39:22',3),(95,NULL,'2020-09-04 16:39:23',3),(96,NULL,'2020-09-04 16:39:23',3),(97,NULL,'2020-09-04 16:39:23',3),(98,NULL,'2020-09-04 16:39:24',3),(99,NULL,'2020-09-04 16:39:24',3),(100,NULL,'2020-09-04 16:39:24',3),(101,NULL,'2020-09-04 16:39:25',3),(102,NULL,'2020-09-04 16:39:25',3),(103,NULL,'2020-09-04 16:39:25',3),(104,NULL,'2020-09-04 16:39:26',3),(105,NULL,'2020-09-04 16:39:26',3),(106,NULL,'2020-09-04 16:39:26',3),(107,NULL,'2020-09-04 16:39:27',3),(108,NULL,'2020-09-04 16:39:27',3),(109,NULL,'2020-09-04 16:39:27',3),(110,NULL,'2020-09-04 16:39:27',3),(111,NULL,'2020-09-04 16:39:28',3),(112,NULL,'2020-09-04 16:39:28',3),(113,NULL,'2020-09-04 16:39:28',3),(114,NULL,'2020-09-04 16:39:29',0),(115,NULL,'2020-09-04 16:54:32',4),(116,NULL,'2020-09-04 18:03:42',3),(117,NULL,'2020-09-04 18:14:17',0),(118,NULL,'2020-09-04 18:15:45',3),(119,NULL,'2020-09-04 18:16:58',0),(120,NULL,'2020-09-04 18:19:53',1),(121,NULL,'2020-09-04 18:20:31',0),(122,NULL,'2020-09-05 01:47:06',0),(123,NULL,'2020-09-05 01:48:46',9),(124,NULL,'2020-09-05 01:49:24',4),(125,NULL,'2020-09-05 01:51:43',4),(126,'adam','2020-09-05 01:55:26',4),(127,'Aaron','2020-09-05 03:37:34',5),(128,'Aaron','2020-09-05 03:49:55',3),(129,NULL,'2020-09-07 14:36:09',2),(130,NULL,'2020-09-07 14:46:39',2),(131,NULL,'2020-09-07 14:48:37',3),(132,NULL,'2020-09-07 14:57:59',0),(133,NULL,'2020-09-07 14:59:24',0),(134,NULL,'2020-09-07 15:01:36',0),(135,NULL,'2020-09-07 15:05:22',0),(136,NULL,'2020-09-07 15:05:43',1),(137,NULL,'2020-09-07 15:06:44',0),(138,NULL,'2020-09-07 15:07:26',1),(139,NULL,'2020-09-07 15:08:44',0),(140,NULL,'2020-09-07 15:23:27',2),(141,NULL,'2020-09-07 15:25:32',0),(142,NULL,'2020-09-07 15:28:47',1),(143,NULL,'2020-09-07 15:43:07',3),(144,NULL,'2020-09-07 15:44:00',2),(145,NULL,'2020-09-07 15:44:48',0),(146,NULL,'2020-09-07 15:52:01',3),(147,NULL,'2020-09-07 15:52:18',0),(148,NULL,'2020-09-07 15:57:52',0),(149,NULL,'2020-09-07 15:58:24',0),(150,NULL,'2020-09-07 16:01:25',1),(151,NULL,'2020-09-07 16:02:36',0),(152,NULL,'2020-09-07 16:03:02',0),(153,NULL,'2020-09-07 16:06:43',0),(154,NULL,'2020-09-07 16:45:31',0),(155,NULL,'2020-09-07 16:49:12',0),(156,NULL,'2020-09-07 16:52:51',0),(157,NULL,'2020-09-07 16:57:56',5),(158,NULL,'2020-09-07 17:44:28',0),(159,NULL,'2020-09-07 21:37:05',0),(160,NULL,'2020-09-07 21:38:46',0),(161,NULL,'2020-09-07 21:40:05',3),(162,NULL,'2020-09-07 21:40:40',0),(163,NULL,'2020-09-08 01:02:04',0),(164,NULL,'2020-09-08 01:11:10',0),(165,NULL,'2020-09-08 01:11:59',0);
/*!40000 ALTER TABLE `number_memory` ENABLE KEYS */;
UNLOCK TABLES;

--
-- Table structure for table `reaction_time`
--

DROP TABLE IF EXISTS `reaction_time`;
/*!40101 SET @saved_cs_client     = @@character_set_client */;
/*!40101 SET character_set_client = utf8 */;
CREATE TABLE `reaction_time` (
  `id` int(11) NOT NULL AUTO_INCREMENT,
  `user` varchar(256) DEFAULT NULL,
  `timestamp` timestamp NOT NULL DEFAULT current_timestamp() ON UPDATE current_timestamp(),
  `t1` float DEFAULT NULL,
  `t2` float DEFAULT NULL,
  `t3` float DEFAULT NULL,
  `t4` float DEFAULT NULL,
  `t5` float DEFAULT NULL,
  `resolution` float DEFAULT NULL,
  `t_avg` float GENERATED ALWAYS AS ((`t1` + `t2` + `t3` + `t4` + `t5`) / 5.0) STORED,
  `t_sd` float GENERATED ALWAYS AS (sqrt((pow(`t1` - `t_avg`,2) + pow(`t2` - `t_avg`,2) + pow(`t3` - `t_avg`,2) + pow(`t4` - `t_avg`,2) + pow(`t5` - `t_avg`,2)) / 4.0)) STORED,
  PRIMARY KEY (`id`)
) ENGINE=InnoDB AUTO_INCREMENT=154 DEFAULT CHARSET=latin1;
/*!40101 SET character_set_client = @saved_cs_client */;

--
-- Dumping data for table `reaction_time`
--

LOCK TABLES `reaction_time` WRITE;
/*!40000 ALTER TABLE `reaction_time` DISABLE KEYS */;
INSERT INTO `reaction_time` VALUES (25,'Adam','2020-08-07 18:21:22',321.61,312.965,310.93,318.395,275.585,NULL,307.897,18.5553),(26,'Adam','2020-08-07 21:38:30',322.905,313.155,348.185,339.92,326.8,NULL,330.193,13.9037),(27,'Adam','2020-08-07 21:45:36',298.135,276.94,287.445,335.215,285.61,NULL,296.669,22.8285),(28,'Adam','2020-08-07 21:46:33',303.62,354.985,304.31,314.215,333.8,NULL,322.186,22.0139),(29,'Adam','2020-08-07 22:28:41',300.13,277.685,297.13,288.675,198.265,NULL,272.377,42.3359),(30,'Adam','2020-08-07 22:31:22',292.755,487.52,280.13,279.23,340.245,NULL,335.976,88.3045),(31,'Adam','2020-08-07 22:32:16',381.78,266.005,280.235,262.295,507.03,NULL,339.469,105.745),(32,'Adam','2020-08-07 22:34:22',387.55,380.895,182.58,279.89,351.475,NULL,316.478,86.1582),(33,'Adam','2020-08-08 00:22:42',482.64,441.77,465.9,428.5,113.63,NULL,386.488,153.968),(34,'Adam','2020-08-08 00:53:44',285.165,367.385,309.065,294.225,438.625,NULL,338.893,64.2843),(35,'Adam','2020-08-08 01:49:20',472.425,480.68,276.8,432.23,107.725,NULL,353.972,160.315),(36,'Adam','2020-08-08 01:49:54',432.935,451.01,69.665,110.165,494.37,NULL,311.629,204.127),(37,'Adam','2020-08-08 01:53:44',248.585,522.565,454.625,411.515,473.49,NULL,422.156,104.895),(38,'Adam','2020-08-08 01:54:01',384.45,2235.62,469.575,595.07,3558.14,NULL,1448.57,1404.37),(39,'Adam','2020-08-08 02:02:39',396.97,388.33,108.95,271.26,1.03,NULL,233.308,174.41),(40,'Adam','2020-08-08 02:03:52',280.82,271.66,14.395,286.575,311.015,NULL,232.893,123.01),(41,'Adam','2020-08-08 04:01:32',305.485,2.945,259.33,179.745,127.24,NULL,174.949,118.368),(42,'Adam','2020-08-08 20:36:56',304.995,23.135,292.5,283.335,282.03,NULL,237.199,120.017),(43,'Adam','2020-08-08 20:43:23',399.86,445.415,297.605,299.67,266.54,NULL,341.818,76.6473),(44,'Adam','2020-08-08 21:11:13',373.975,443.97,222.455,404.74,91.09,NULL,307.246,147.109),(45,'Adam','2020-08-08 21:14:03',461.85,244.745,241.945,307.53,172.005,NULL,285.615,109.572),(46,'Adam','2020-08-08 21:39:46',405.07,101.07,335.815,112.83,4.8,NULL,191.917,170.045),(47,'Adam','2020-08-08 21:42:38',616.63,432.515,386.165,297.675,386.22,NULL,423.841,118.317),(48,'Adam','2020-08-08 21:48:45',248.395,179.335,95.175,291.36,330.03,NULL,228.859,93.3376),(49,'Adam','2020-08-08 21:49:13',265.135,299.285,4.635,20.86,171.025,NULL,152.188,135.802),(50,'Adam','2020-08-08 21:58:49',295.885,296.81,291.045,301.73,277.315,NULL,292.557,9.3262),(52,'Adam','2020-08-08 22:11:35',258.975,293.625,297.57,235.82,296.945,NULL,276.587,27.9158),(53,'Adam','2020-08-08 22:16:24',301.89,265.265,270.805,21.84,216.395,NULL,215.239,112.364),(54,'Adam','2020-08-08 22:18:51',314.46,268.385,249.885,105.075,279.6,NULL,243.481,80.8703),(55,NULL,'2020-08-09 05:37:21',241.755,229.55,234.39,54.075,239.335,NULL,199.821,81.6097),(56,NULL,'2020-08-09 05:39:20',308.775,270.055,276.66,286.73,398.53,NULL,308.15,52.6085),(57,NULL,'2020-08-09 05:39:35',1295.39,288.17,432.235,394.8,223.22,NULL,526.763,437.665),(58,NULL,'2020-08-09 05:40:02',5635.48,1042.18,388.55,232.22,197.165,NULL,1499.12,2337.29),(59,NULL,'2020-08-09 05:40:22',818.3,1171.82,1393.98,2188.74,42.925,NULL,1123.15,785.974),(60,NULL,'2020-08-09 15:07:08',257.475,140.01,211.265,139.105,38.91,NULL,157.353,83.0564),(61,NULL,'2020-08-09 15:08:51',243.355,145.18,231.125,59.145,170.47,NULL,169.855,74.1994),(62,NULL,'2020-08-09 17:06:37',277.13,297.075,271.305,318.6,295.975,NULL,292.017,18.6984),(63,NULL,'2020-08-09 17:07:16',252.24,14.175,237.72,248.365,220.225,NULL,194.545,101.59),(64,NULL,'2020-08-09 17:48:13',283.93,235.72,436.37,226.7,255.325,NULL,287.609,86.0058),(65,NULL,'2020-08-10 02:21:18',288.705,251.29,217.46,184.04,250.29,NULL,238.357,39.4702),(66,NULL,'2020-08-10 02:24:24',283,284,296,302,39,NULL,240.8,113.096),(67,NULL,'2020-08-12 06:21:02',320,260,300,320,460,NULL,332,75.6307),(68,NULL,'2020-08-12 06:28:15',290,290,320,300,290,NULL,298,13.0384),(69,NULL,'2020-08-12 06:29:31',322,317,290,288,267,NULL,296.8,22.665),(70,NULL,'2020-08-12 06:32:15',292,278,310,228,328,NULL,287.2,38.0684),(71,NULL,'2020-08-12 06:33:17',310.9,322.9,358.7,277.7,292.1,NULL,312.46,31.1141),(72,NULL,'2020-08-12 06:59:12',322.4,335.4,259.3,403.9,308.6,0.1,325.92,52.2526),(73,NULL,'2020-08-12 07:00:05',335,893,324,263,383,1,439.6,257.035),(74,NULL,'2020-08-12 14:49:36',321.25,242.25,555.5,140,263,0.25,304.4,154.87),(75,NULL,'2020-08-12 14:50:12',274.66,321.333,144.973,295.867,207.809,0.000999998,248.928,71.7727),(76,NULL,'2020-08-12 14:51:04',18,127,50,279,389,1,172.6,157.449),(77,NULL,'2020-08-12 14:56:41',332,266,290,257,272,1,283.4,29.7288),(78,NULL,'2020-08-12 15:07:28',563,296,346,303,275,1,356.6,118.234),(79,NULL,'2020-08-12 18:50:33',81,290,294,8,314,1,197.4,142.235),(80,NULL,'2020-08-12 19:25:27',269,267,659,285,279,1,351.8,171.887),(81,NULL,'2020-08-12 20:34:48',321,273,282,265,638,1,355.8,159.213),(82,NULL,'2020-08-12 20:36:03',363,315,343,963,247,1,446.2,292.211),(83,NULL,'2020-08-12 23:38:37',295,290,476,372,316,1,349.8,77.6865),(84,NULL,'2020-08-12 23:54:36',339,312,307,351,334,1,328.6,18.5822),(85,NULL,'2020-08-13 00:00:40',1090,557,604,627,287,1,633,289.49),(86,NULL,'2020-08-13 00:01:04',1090,557,604,627,1293,1,834.2,334.923),(87,NULL,'2020-08-13 00:03:10',1090,557,604,627,352,1,646,270.933),(88,NULL,'2020-08-13 02:12:08',343,306,299,504,298,1,350,88.0426),(89,NULL,'2020-08-13 02:54:38',351,343,355,330,350,1,345.8,9.83362),(90,NULL,'2020-08-13 02:56:25',351,343,355,330,2949,1,865.6,1164.7),(91,NULL,'2020-08-13 03:21:35',333,340,273,307,537,1,358,103.46),(92,NULL,'2020-08-13 20:34:07',301,382,323,342,282,1,326,38.607),(93,NULL,'2020-08-13 20:35:24',229,298,496,276,300,1,319.8,102.563),(94,NULL,'2020-08-13 20:59:52',281,486,654,751,218,1,478,230.205),(95,NULL,'2020-08-13 21:52:09',301,537,293,469,357,1,391.4,107.54),(96,NULL,'2020-08-17 01:38:34',203.38,170.625,140.135,150.05,102.61,0.00499992,153.36,37.2877),(97,NULL,'2020-08-17 01:45:37',232.265,508.73,214.205,2229.61,877.025,0.00499992,812.367,836.551),(98,NULL,'2020-08-17 01:46:00',300.455,348.255,373.445,251.695,249.21,0.00500004,304.612,55.9678),(99,NULL,'2020-08-17 01:46:38',220.69,215.825,194.34,2.385,239.695,0.00499992,174.587,97.6074),(100,NULL,'2020-08-17 01:53:07',358.955,426.195,221.085,201.34,232.49,0.00499992,288.013,98.9967),(101,NULL,'2020-08-17 01:53:37',206.055,277,230.88,211.165,436.065,0.00499992,272.233,95.7634),(102,NULL,'2020-08-17 01:57:24',264.58,325.785,219.35,369.095,369.475,0.00499992,309.657,66.2542),(103,NULL,'2020-08-17 02:01:02',350.015,261.105,305.815,232.56,258.38,0.00499992,281.575,46.4519),(104,NULL,'2020-08-17 04:03:20',375.92,289.155,292.5,683.53,283.355,0.00499992,384.892,171.228),(105,NULL,'2020-08-17 17:33:31',322.895,421.41,271.84,463.195,309.39,0.005,357.746,80.7857),(106,NULL,'2020-08-19 03:56:24',1033.47,300.39,285.375,262.955,227.015,0.00499999,421.841,343.025),(107,NULL,'2020-08-19 20:02:56',381.12,300.335,306.105,315.77,363.82,0.00499998,333.43,36.5777),(108,NULL,'2020-08-19 20:36:18',338.695,332.035,442.085,253.98,297.33,0.00500001,332.825,69.7303),(109,NULL,'2020-08-19 22:51:58',274.5,274.34,618.855,275.285,285.68,0.00499998,345.732,152.755),(110,NULL,'2020-08-19 22:52:35',339.31,257.37,245.73,19.49,234.46,0.00499998,219.272,119.063),(111,NULL,'2020-08-19 22:52:54',252.495,235.1,443.67,279.51,266.83,0.00499998,295.521,84.4535),(112,NULL,'2020-08-19 23:15:25',251.26,253.9,524.985,291.075,231.155,0.00499998,310.475,121.85),(113,NULL,'2020-08-19 23:18:10',293.63,273.16,304.12,331.635,379.92,0.00499998,316.493,41.2487),(114,NULL,'2020-08-19 23:27:16',301.495,872.095,480.065,281.025,243.92,0.00499998,435.72,260.348),(115,NULL,'2020-08-19 23:27:53',273.795,585.575,349.115,358.9,454.44,0.00500001,404.365,119.909),(116,NULL,'2020-08-19 23:29:23',4024.45,252.335,707,392.185,808.645,0.00500001,1236.92,1574.61),(117,NULL,'2020-08-19 23:34:30',5124.12,832.63,2031.96,235.96,363.485,0.00499998,1717.63,2031.95),(118,NULL,'2020-08-20 00:22:46',280.735,570.36,290.355,409.895,278.79,0.00500001,366.027,126.775),(119,NULL,'2020-08-20 00:46:12',322.265,277.97,240.29,443.605,284.96,0.00499998,313.818,78.1669),(120,NULL,'2020-08-20 01:02:22',1839.26,434.055,461.49,441.23,369.78,0.00499998,709.163,632.676),(121,NULL,'2020-08-20 01:15:17',4561.85,2833.93,452.05,325.33,357.925,0.00499998,1706.22,1918.6),(122,NULL,'2020-08-20 20:14:57',345.475,270.325,250.05,258.44,246.625,0.00499998,274.183,40.8874),(123,NULL,'2020-08-20 20:21:05',341.16,247.495,245.425,301.77,260.1,0.00499998,279.19,41.4102),(124,NULL,'2020-08-20 20:22:19',291.075,281.275,290.075,270.9,253.125,0.00499998,277.29,15.765),(125,NULL,'2020-08-20 21:48:09',288.455,298.52,268.695,269.795,236.9,0.00499998,272.473,23.5624),(126,NULL,'2020-08-25 23:06:39',262.985,256.15,269.61,245.63,235.14,0.00500001,253.903,13.7362),(127,NULL,'2020-08-25 23:08:57',298.345,297.875,248.87,288.69,395.705,0.00499998,305.897,54.1641),(128,NULL,'2020-08-25 23:13:41',293.435,250.215,267.39,259.045,292.85,0.00500001,272.587,19.7239),(129,NULL,'2020-08-25 23:16:49',393.425,310.64,421.825,267.225,261.195,0.00499998,330.862,73.3152),(130,NULL,'2020-08-25 23:24:40',252.44,303.535,247.545,237.565,243.44,0.00500001,256.905,26.6329),(131,NULL,'2020-08-25 23:27:01',307.435,2016.75,258.96,372.375,383.45,0.00499998,667.794,755.779),(132,NULL,'2020-08-26 00:38:22',372.4,448.6,364.5,376.405,343.94,0.00500001,381.169,39.719),(133,NULL,'2020-08-28 03:44:16',289.73,364.505,248.635,290.88,305.83,0.00499999,299.916,41.8983),(134,NULL,'2020-08-28 04:07:51',289.16,313.695,314.955,265.54,258.525,0.005,288.375,26.2711),(135,NULL,'2020-08-28 04:37:34',390.205,286.85,87.65,345.415,404.355,0.00499999,302.895,128.757),(136,NULL,'2020-08-28 22:20:45',237.375,261.625,241.42,284.28,279.62,0.00499999,260.864,21.392),(137,NULL,'2020-08-28 22:54:11',252.43,233.765,280.245,349.88,276.7,0.00499999,278.604,44.1084),(138,NULL,'2020-08-28 22:56:31',273.835,257.795,261.945,276.785,266.215,0.00499999,267.315,7.95092),(139,NULL,'2020-08-28 23:42:50',2160.86,1495.82,1053.11,254.415,1380.84,0.00499999,1269.01,695.586),(140,NULL,'2020-08-28 23:50:35',396.595,279.29,276.295,2805.14,256.325,0.00499999,802.729,1120.74),(141,NULL,'2020-08-29 18:10:11',304.105,316.505,453.9,326.14,274.69,0.00500001,335.068,69.1909),(142,NULL,'2020-08-30 21:38:38',364.5,360.655,263.24,322.19,263.025,0.00499998,314.722,49.916),(143,NULL,'2020-08-31 21:17:06',382.42,277.3,236.155,25.415,276.91,0.00499998,239.64,131.432),(144,NULL,'2020-08-31 21:28:31',258.05,279.16,256.525,245.915,264.3,0.00499998,260.79,12.2141),(145,NULL,'2020-08-31 21:38:10',284.77,291.095,423.05,263.335,286.855,0.00499998,309.821,64.2016),(146,NULL,'2020-09-04 18:02:57',296.915,252.545,249.445,470.785,251.57,0.005,304.252,95.1839),(147,NULL,'2020-09-05 03:29:18',433.75,414.92,266.145,350.305,248.67,0.00499999,342.758,84.0624),(148,'Aaron','2020-09-05 03:29:39',284.82,304.85,270.43,340.055,354.945,0.00499999,311.02,35.8626),(149,'Aaron','2020-09-05 03:30:33',468.925,301.78,255.39,247.2,234.835,0.00499999,301.626,96.8891),(150,'Aaron','2020-09-05 03:35:11',371.19,264.47,329.76,364.17,315.37,0.00499999,328.992,42.9168),(151,'Aaron','2020-09-05 03:48:55',389.285,404.59,397.225,418.33,321.89,0.00499999,386.264,37.5411),(152,'Aaron','2020-09-05 16:20:37',296.83,294.38,314.505,272.035,290.56,0.005,293.662,15.185),(153,'Aaron','2020-09-05 20:55:34',302.865,238.84,242.275,330.97,407.845,0.00499999,304.559,69.9405);
/*!40000 ALTER TABLE `reaction_time` ENABLE KEYS */;
UNLOCK TABLES;

--
-- Table structure for table `sessions`
--

DROP TABLE IF EXISTS `sessions`;
/*!40101 SET @saved_cs_client     = @@character_set_client */;
/*!40101 SET character_set_client = utf8 */;
CREATE TABLE `sessions` (
  `session_id` varchar(128) CHARACTER SET utf8mb4 COLLATE utf8mb4_bin NOT NULL,
  `expires` int(11) unsigned NOT NULL,
  `data` mediumtext CHARACTER SET utf8mb4 COLLATE utf8mb4_bin DEFAULT NULL,
  PRIMARY KEY (`session_id`)
) ENGINE=InnoDB DEFAULT CHARSET=utf8;
/*!40101 SET character_set_client = @saved_cs_client */;

--
-- Dumping data for table `sessions`
--

LOCK TABLES `sessions` WRITE;
/*!40000 ALTER TABLE `sessions` DISABLE KEYS */;
/*!40000 ALTER TABLE `sessions` ENABLE KEYS */;
UNLOCK TABLES;

--
-- Dumping routines for database 'seniorbenchmark'
--
/*!50003 DROP PROCEDURE IF EXISTS `summarizeAimTest` */;
/*!50003 SET @saved_cs_client      = @@character_set_client */ ;
/*!50003 SET @saved_cs_results     = @@character_set_results */ ;
/*!50003 SET @saved_col_connection = @@collation_connection */ ;
/*!50003 SET character_set_client  = utf8mb4 */ ;
/*!50003 SET character_set_results = utf8mb4 */ ;
/*!50003 SET collation_connection  = utf8mb4_unicode_ci */ ;
/*!50003 SET @saved_sql_mode       = @@sql_mode */ ;
/*!50003 SET sql_mode              = 'IGNORE_SPACE,STRICT_TRANS_TABLES,ERROR_FOR_DIVISION_BY_ZERO,NO_AUTO_CREATE_USER,NO_ENGINE_SUBSTITUTION' */ ;
DELIMITER ;;
CREATE DEFINER=`root`@`localhost` PROCEDURE `summarizeAimTest`(IN param_testid INT)
BEGIN

  DECLARE n, bins INT;

  DECLARE binStart, binWidth, mean, sd, min, q1, median, q3, max FLOAT;



  SELECT count(*) OVER (),

    avg(time) OVER (),

    stddev_samp(time) OVER (),

    min(time) OVER (),

    percentile_cont(0.25) WITHIN GROUP (ORDER BY time) OVER (),

    percentile_cont(0.5) WITHIN GROUP (ORDER BY time) OVER (),

    percentile_cont(0.75) WITHIN GROUP (ORDER BY time) OVER (),

    max(time) OVER ()

  INTO n, mean, sd, min, q1, median, q3, max

  FROM aim_test

  LIMIT 1;



  CREATE OR REPLACE TEMPORARY TABLE summary

    (

      stat VARCHAR(5),

      n INT,

      mean FLOAT,

      sd FLOAT,

      min FLOAT,

      q1 FLOAT,

      median FLOAT,

      q3 FLOAT,

      max FLOAT,

      bins INT,

      binStart FLOAT,

      binWidth FLOAT

    );



  SET

    binStart = 0.0,

    binWidth = round(2 * (q3 - q1) * pow(n, -1.0 / 3.0), 2), 

    bins = ceil((max - binStart) / binWidth);



  SELECT floor((time - binStart) / binWidth) AS bin, 

    count(*) / n AS freq

  FROM aim_test

  GROUP BY bin;



  INSERT INTO

    summary (stat, n, mean, sd, min, q1, median, q3, max, bins, binStart, binWidth)

    VALUE ('time', n, mean, sd, min, q1, median, q3, max, bins, binStart, binWidth);



  SELECT avg(rel_error),

    stddev_samp(rel_error),

    min(rel_error),

    max(rel_error)

  INTO mean, sd, min, max

  FROM aim_test;



  SET

    binStart = 0.0,

    binWidth = 0.05, 

    bins = ceil((max - binStart) / binWidth);





  SELECT floor((rel_error - binStart) / binWidth) AS bin, 

    count(*) / n AS freq

  FROM aim_test

  GROUP BY bin;



  INSERT INTO

    summary (stat, n, mean, sd, min, max, bins, binStart, binWidth)

    VALUE ('error', n, mean, sd, min, max, bins, binStart, binWidth);



  SELECT * FROM summary; 



  IF ISNULL(param_testid) THEN 

    SELECT NULL WHERE NULL;

  ELSE

    SELECT round,

      tX,

      tY,

      cX,

      cY,

      time,

      target_distance as targetDist,

      rel_error as relError

    FROM aim_test

    WHERE testid = param_testid;

  END IF;

END ;;
DELIMITER ;
/*!50003 SET sql_mode              = @saved_sql_mode */ ;
/*!50003 SET character_set_client  = @saved_cs_client */ ;
/*!50003 SET character_set_results = @saved_cs_results */ ;
/*!50003 SET collation_connection  = @saved_col_connection */ ;
/*!50003 DROP PROCEDURE IF EXISTS `summarizeNumberMemory` */;
/*!50003 SET @saved_cs_client      = @@character_set_client */ ;
/*!50003 SET @saved_cs_results     = @@character_set_results */ ;
/*!50003 SET @saved_col_connection = @@collation_connection */ ;
/*!50003 SET character_set_client  = utf8mb4 */ ;
/*!50003 SET character_set_results = utf8mb4 */ ;
/*!50003 SET collation_connection  = utf8mb4_unicode_ci */ ;
/*!50003 SET @saved_sql_mode       = @@sql_mode */ ;
/*!50003 SET sql_mode              = 'IGNORE_SPACE,STRICT_TRANS_TABLES,ERROR_FOR_DIVISION_BY_ZERO,NO_AUTO_CREATE_USER,NO_ENGINE_SUBSTITUTION' */ ;
DELIMITER ;;
CREATE DEFINER=`root`@`localhost` PROCEDURE `summarizeNumberMemory`(IN param_id INT)
BEGIN
  DECLARE n, bins INT;
  DECLARE mean, sd, min, q1, median, q3, max, binStart, binWidth FLOAT;

  SELECT count(*) OVER (),
    avg(max_round) OVER (),
    stddev_samp(max_round) OVER (),
    min(max_round) OVER (),
    percentile_cont(0.25) WITHIN GROUP (ORDER BY max_round) OVER (),
    percentile_cont(0.5) WITHIN GROUP (ORDER BY max_round) OVER (),
    percentile_cont(0.75) WITHIN GROUP (ORDER BY max_round) OVER (),
    max(max_round) OVER ()
  INTO n, mean, sd, min, q1, median, q3, max
  FROM number_memory
  LIMIT 1;

  SET binStart = 0.0,
    binWidth = 1, -- BinWidth of 1, since we're dealing with integer data
    bins = ceil((max - binStart) / binWidth);

  -- Query results
  SELECT n, mean, sd, min, q1, median, q3, max; -- globalStats

  SELECT bins, binStart, binWidth; -- bins

  SELECT floor((max_round - binStart) / binWidth) AS bin, -- histogram
    count(*) / n AS freq
  FROM number_memory
  GROUP BY bin;

  IF ISNULL(param_id) THEN -- query
    SELECT NULL WHERE NULL;
  ELSE
    SELECT id, max_round, quantile
    FROM (SELECT *, percent_rank() OVER (ORDER BY max_round) AS quantile FROM number_memory) AS all_rows
    WHERE id = param_id;
  END IF;
END ;;
DELIMITER ;
/*!50003 SET sql_mode              = @saved_sql_mode */ ;
/*!50003 SET character_set_client  = @saved_cs_client */ ;
/*!50003 SET character_set_results = @saved_cs_results */ ;
/*!50003 SET collation_connection  = @saved_col_connection */ ;
/*!50003 DROP PROCEDURE IF EXISTS `summarizeReactionTime` */;
/*!50003 SET @saved_cs_client      = @@character_set_client */ ;
/*!50003 SET @saved_cs_results     = @@character_set_results */ ;
/*!50003 SET @saved_col_connection = @@collation_connection */ ;
/*!50003 SET character_set_client  = utf8mb4 */ ;
/*!50003 SET character_set_results = utf8mb4 */ ;
/*!50003 SET collation_connection  = utf8mb4_unicode_ci */ ;
/*!50003 SET @saved_sql_mode       = @@sql_mode */ ;
/*!50003 SET sql_mode              = 'IGNORE_SPACE,STRICT_TRANS_TABLES,ERROR_FOR_DIVISION_BY_ZERO,NO_AUTO_CREATE_USER,NO_ENGINE_SUBSTITUTION' */ ;
DELIMITER ;;
CREATE DEFINER=`root`@`localhost` PROCEDURE `summarizeReactionTime`(IN param_id INT)
BEGIN

  DECLARE n, bins INT;

  DECLARE mean, sd, min, q1, median, q3, max, binStart, binWidth FLOAT;



  DROP TABLE IF EXISTS unpivoted_times;

  CREATE TEMPORARY TABLE unpivoted_times (

    SELECT t,

      percent_rank() OVER (ORDER BY t) AS quantile

    FROM (

      SELECT t1 t

      FROM reaction_time

      UNION ALL

      SELECT t2 t

      FROM reaction_time

      UNION ALL

      SELECT t3 t

      FROM reaction_time

      UNION ALL

      SELECT t4 t

      FROM reaction_time

      UNION ALL

      SELECT t5 t

      FROM reaction_time

    ) AS tab

  );



  SELECT count(*) OVER (),

    avg(t) OVER (),

    stddev_samp(t) OVER (),

    min(t) OVER (),

    percentile_cont(0.25) WITHIN GROUP (ORDER BY t) OVER (),

    percentile_cont(0.5) WITHIN GROUP (ORDER BY t) OVER (),

    percentile_cont(0.75) WITHIN GROUP (ORDER BY t) OVER (),

    max(t) OVER ()

  INTO n, mean, sd, min, q1, median, q3, max

  FROM unpivoted_times

  LIMIT 1;



  SET binStart = 0.0,

    binWidth = round(2 * (q3 - q1) * pow(n, -1.0 / 3.0), 2), 

    bins = ceil((max - binStart) / binWidth);



  

  SELECT n, mean, sd, min, q1, median, q3, max; 



  SELECT bins, binStart, binWidth; 



  SELECT floor((t - binStart) / binWidth) AS bin, 

    count(*) / n AS freq

  FROM unpivoted_times

  GROUP BY bin;



  IF ISNULL(param_id) THEN 

    SELECT NULL WHERE NULL;

  ELSE

    SELECT id,

      t1,

      t2,

      t3,

      t4,

      t5,

      t_sd AS sd,

      t_avg AS mean,

      quantile AS meanQuantile

    FROM unpivoted_times,

      (

        SELECT *

        FROM reaction_time

        WHERE id = param_id

        LIMIT 1

      ) query_row

    WHERE t >= t_avg

    ORDER BY t

    LIMIT 1;

  END IF;

END ;;
DELIMITER ;
/*!50003 SET sql_mode              = @saved_sql_mode */ ;
/*!50003 SET character_set_client  = @saved_cs_client */ ;
/*!50003 SET character_set_results = @saved_cs_results */ ;
/*!50003 SET collation_connection  = @saved_col_connection */ ;
/*!50003 DROP PROCEDURE IF EXISTS `summarizeUser` */;
/*!50003 SET @saved_cs_client      = @@character_set_client */ ;
/*!50003 SET @saved_cs_results     = @@character_set_results */ ;
/*!50003 SET @saved_col_connection = @@collation_connection */ ;
/*!50003 SET character_set_client  = utf8mb4 */ ;
/*!50003 SET character_set_results = utf8mb4 */ ;
/*!50003 SET collation_connection  = utf8mb4_unicode_ci */ ;
/*!50003 SET @saved_sql_mode       = @@sql_mode */ ;
/*!50003 SET sql_mode              = 'IGNORE_SPACE,STRICT_TRANS_TABLES,ERROR_FOR_DIVISION_BY_ZERO,NO_AUTO_CREATE_USER,NO_ENGINE_SUBSTITUTION' */ ;
DELIMITER ;;
CREATE DEFINER=`root`@`localhost` PROCEDURE `summarizeUser`(IN param_user VARCHAR(256))
BEGIN
  SELECT * from reaction_time where user = param_user;
  SELECT * FROM aim_test_summary WHERE user = param_user;
  SELECT * from number_memory where user = param_user;
END ;;
DELIMITER ;
/*!50003 SET sql_mode              = @saved_sql_mode */ ;
/*!50003 SET character_set_client  = @saved_cs_client */ ;
/*!50003 SET character_set_results = @saved_cs_results */ ;
/*!50003 SET collation_connection  = @saved_col_connection */ ;
/*!40103 SET TIME_ZONE=@OLD_TIME_ZONE */;

/*!40101 SET SQL_MODE=@OLD_SQL_MODE */;
/*!40014 SET FOREIGN_KEY_CHECKS=@OLD_FOREIGN_KEY_CHECKS */;
/*!40014 SET UNIQUE_CHECKS=@OLD_UNIQUE_CHECKS */;
/*!40101 SET CHARACTER_SET_CLIENT=@OLD_CHARACTER_SET_CLIENT */;
/*!40101 SET CHARACTER_SET_RESULTS=@OLD_CHARACTER_SET_RESULTS */;
/*!40101 SET COLLATION_CONNECTION=@OLD_COLLATION_CONNECTION */;
/*!40111 SET SQL_NOTES=@OLD_SQL_NOTES */;

-- Dump completed on 2020-09-08  0:34:08
